PID,Marker_hg38,Marker.Type,Sample,VAF,gene
SJBRCA092876,chr7.140781617.C.A,SNV,C1_WGS,0.530612244897959,BRAF
SJBRCA092877,chr7.140753316.A.T,SNV,C1_WGS,0.0588235294117647,BRAF
SJBRCA093323,chr7.140753336.A.T,SNV,C1_WGS,0.585365853658537,BRAF
SJBT092582,chr7.140753336.A.T,SNV,C1_WGS,0.62,BRAF
SJCOAD080454,chr7.140783133.GT.GGT,Indel,C1_WGS,0.518518518518518,BRAF
SJCOAD092773,chr7.140794387.C.T,SNV,C1_WGS,0.407407407407407,BRAF
SJCOAD092776,chr7.140753336.A.T,SNV,C1_WGS,0.210526315789474,BRAF
SJCOAD092866,chr7.140753336.A.T,SNV,C1_WGS,0.772727272727273,BRAF
SJCOAD092967,chr7.140753349.C.G,SNV,C1_WGS,0.274509803921569,BRAF
SJCOAD093037,chr7.140753336.A.T,SNV,C1_WGS,0.714285714285714,BRAF
SJCOAD093320,chr7.140753336.A.T,SNV,C1_WGS,0.765957446808511,BRAF
SJGB092853,chr7.140753336.A.T,SNV,C1_WGS,0.695652173913043,BRAF
SJGB093336,chr7.140753336.A.T,SNV,C1_WGS,0.567164179104478,BRAF
SJHCC093084,chr7.140753336.A.T,SNV,C1_WGS,0.642857142857143,BRAF
SJLUAD092930,chr7.140781611.C.A,SNV,C1_WGS,0.583333333333333,BRAF
SJLUAD092945,chr7.140753346.G.C,SNV,C1_WGS,0.425531914893617,BRAF
SJMEL077103,chr7.140753336.A.T,SNV,C1_WGS,0.789473684210526,BRAF
SJMEL092661,chr7.140753336.A.T,SNV,C1_WGS,0.81578947368421,BRAF
SJMEL092676,chr7.140753336.A.T,SNV,C1_WGS,0.766666666666667,BRAF
SJMEL092680,chr7.140753336.A.T,SNV,C1_WGS,0.666666666666667,BRAF
SJMEL092702,chr7.140753336.A.T,SNV,C1_WGS,0.382978723404255,BRAF
SJMEL092763,chr7.140753392.A.T,SNV,C1_WGS,0.388888888888889,BRAF
SJMEL092775,chr7.140753336.A.T,SNV,C1_WGS,1,BRAF
SJMEL092784,chr7.140753335.CACT.CTTT,MNV,C1_WGS,0.555555555555556,BRAF
SJMEL092784,chr7.140753336.A.T,SNV,C1_WGS,0.552631578947368,BRAF
SJMEL092785,chr7.140753336.A.T,SNV,C1_WGS,0.4,BRAF
SJMEL092836,chr7.140753336.A.T,SNV,C1_WGS,0.642857142857143,BRAF
SJMEL092862,chr7.140753336.A.T,SNV,C1_WGS,0.736842105263158,BRAF
SJMEL092872,chr7.140753336.A.T,SNV,C1_WGS,0.746031746031746,BRAF
SJMEL092881,chr7.140753336.A.T,SNV,C1_WGS,0.840909090909091,BRAF
SJMEL093048,chr7.140753336.A.T,SNV,C1_WGS,0.891891891891892,BRAF
SJMEL093076,chr7.140753336.A.T,SNV,C1_WGS,0.692307692307692,BRAF
SJMEL093078,chr7.140753336.A.T,SNV,C1_WGS,0.414634146341463,BRAF
SJMEL093167,chr7.140753336.A.T,SNV,C1_WGS,0.466666666666667,BRAF
SJMEL093204,chr7.140753336.A.T,SNV,C1_WGS,0.988095238095238,BRAF
SJMEL093229,chr7.140753336.A.T,SNV,C1_WGS,0.588235294117647,BRAF
SJMEL093233,chr7.140753336.A.T,SNV,C1_WGS,0.44,BRAF
SJMEL093305,chr7.140753336.A.T,SNV,C1_WGS,1,BRAF
SJMEL093346,chr7.140753336.A.T,SNV,C1_WGS,0.75,BRAF
SJPRAD092693,chr7.140753345.A.C,SNV,C1_WGS,0.3,BRAF
SJST092639,chr7.140753336.A.T,SNV,C1_WGS,1,BRAF
SJST092696,chr7.140753336.A.T,SNV,C1_WGS,0.592592592592593,BRAF
SJST092697,chr7.140753336.A.T,SNV,C1_WGS,1,BRAF
SJST092750,chr7.140781617.C.T,SNV,C1_WGS,1,BRAF
SJST093296,chr7.140753336.A.T,SNV,C1_WGS,0.797297297297297,BRAF
SJST093340,chr7.140778037.TAGGTGCTGTCACATTC.TC,Indel,C1_WGS,0.666666666666667,BRAF
SJMEL093207,chr7.140753334.TCAC.TATC,MNV,C1_WGS,0.612244897959184,BRAF
SJMEL093346,chr7.140753334.TCAC.TATC,MNV,C1_WGS,0.725806451612903,BRAF
SJCOAD093000,chr7.140753336.A.T,SNV,C1_WGS,0.575,BRAF
SJMEL092906,chr7.140753336.A.T,SNV,C1_WGS,0.421052631578947,BRAF
SJMEL092992,chr7.140753336.A.T,SNV,C1_WGS,0.76,BRAF
SJMEL093075,chr7.140753336.A.T,SNV,C1_WGS,1,BRAF
SJMEL093202,chr7.140753336.A.T,SNV,C1_WGS,0.509433962264151,BRAF
SJST092778,chr7.140753336.A.T,SNV,C1_WGS,0.424242424242424,BRAF
SJST092787,chr7.140753336.A.T,SNV,C1_WGS,0.459183673469388,BRAF
SJST092799,chr7.140753336.A.T,SNV,C1_WGS,0.694444444444444,BRAF
SJST093147,chr7.140753336.A.T,SNV,C1_WGS,1,BRAF
SJST092755,chr7.140781602.C.A,SNV,C1_WGS,0.306666666666667,BRAF
SJST092755,chr7.140781598.TGTTCC.TATTAC,MNV,C1_WGS,0.0357142857142857,BRAF
SJST094235,chr7.140739895.G.A,SNV,C1_WGS,0.455882352941176,BRAF
SJEWS096686,chr7.140753336.A.T,SNV,C1_WGS,0.425531914893617,BRAF
SJBT085595,chr7.140753336.A.T,SNV,C1_WGS,0.507042253521127,BRAF
SJEWS085564,chr7.140753336.A.T,SNV,C1_WGS,0.53448275862069,BRAF
SJMEL085547,chr7.140753336.A.T,SNV,C1_WGS,0.464285714285714,BRAF
SJHGG094233,chr7.140778061.T.C,SNV,C1_WGS,0.181818181818182,BRAF
SJLUAD080362,chr7.140778038.AGGTGCTGTCACATTCAA.ATA,Indel,C2_WGS,1,BRAF
SJMEL014961,chr7.140753336.A.T,SNV,C2_WGS,0.654545454545455,BRAF
SJMEL085547,chr7.140753336.A.T,SNV,C2_WGS,0.434782608695652,BRAF
SJST080457,chr7.140753336.A.T,SNV,C2_WGS,0.540983606557377,BRAF
SJEWS083030,chr7.140753336.A.T,SNV,C3_WGS,0.48936170212766,BRAF
SJTALL046430,chr7.140734715.G.A,SNV,C7B_WGS,0.608695652173913,BRAF
SJNBL085488,chr2.15942342.AGGAGGAC.AC,Indel,C1_WGS,0.80952380952381,MYCN
SJNHL068303,chr2.15942195.C.T,SNV,C1_WGS,0.488888888888889,MYCN
SJTALL068303,chr2.15942195.C.T,SNV,C1_WGS,0.538461538461538,MYCN
SJCOAD092671,chr3.41224633.A.G,SNV,C1_WGS,0.972222222222222,CTNNB1
SJCOAD092746,chr3.41224644.TTCTC.TC,Indel,C1_WGS,0.5,CTNNB1
SJCOAD092865,chr3.41224646.C.T,SNV,C1_WGS,1,CTNNB1
SJCOAD093104,chr3.41224633.A.G,SNV,C1_WGS,1,CTNNB1
SJCOAD093136,chr3.41224610.C.A,SNV,C1_WGS,0.46875,CTNNB1
SJLUSC092731,chr3.41224646.C.T,SNV,C1_WGS,1,CTNNB1
SJMEL077103,chr3.41224644.TTCTC.TC,Indel,C1_WGS,0.428571428571429,CTNNB1
SJSS092604,chr3.41224611.TGGA.TTTA,MNV,C1_WGS,0.666666666666667,CTNNB1
SJSS092604,chr3.41224613.G.T,SNV,C1_WGS,0.681818181818182,CTNNB1
SJST092708,chr3.41224613.G.A,SNV,C1_WGS,0.653846153846154,CTNNB1
SJST092742,chr3.41224607.A.T,SNV,C1_WGS,0.758620689655172,CTNNB1
SJST092783,chr3.41224622.C.T,SNV,C1_WGS,0.428571428571429,CTNNB1
SJST092806,chr3.41224606.G.A,SNV,C1_WGS,0.263157894736842,CTNNB1
SJST093092,chr3.41224621.T.C,SNV,C1_WGS,0.555555555555556,CTNNB1
SJST093113,chr3.41224613.G.T,SNV,C1_WGS,0.3125,CTNNB1
SJST093187,chr3.41224589.A.G,SNV,C1_WGS,0.52,CTNNB1
SJST093251,chr3.41224621.T.G,SNV,C1_WGS,1,CTNNB1
SJST093316,chr3.41224646.C.G,SNV,C1_WGS,1,CTNNB1
SJTALL068308,chr3.41224544.A.G,SNV,C1_WGS,0.8,CTNNB1
SJST093171,chr3.41224619.A.C,SNV,C1_WGS,1,CTNNB1
SJST092752,chr3.41224621.T.C,SNV,C1_WGS,0.657142857142857,CTNNB1
SJST093158,chr3.41224633.A.G,SNV,C1_WGS,1,CTNNB1
SJHB085598,chr3.41224613.G.T,SNV,C1_WGS,0.575,CTNNB1
SJHB085598,chr3.41224613.G.T,SNV,C2_WGS,0.520833333333333,CTNNB1
SJSCLC080460,chr3.41224529.A.G,SNV,C2_WGS,1,CTNNB1
SJOS092604,chr3.41224611.TGGA.TTTA,MNV,C2_WGS,0.666666666666667,CTNNB1
SJHM080458,chr3.41235723.G.A,SNV,C2_WGS,0.576923076923077,CTNNB1
SJOS048100,chr3.41235723.G.A,SNV,C5_WGS,0.411764705882353,CTNNB1
SJNBL080413,chr2.29220829.G.T,SNV,C1_WGS,0.549019607843137,ALK
SJNBL080792,chr2.29213994.A.C,SNV,C1_WGS,0.625,ALK
SJNBL092606,chr2.29209798.C.T,SNV,C1_WGS,0.576923076923077,ALK
SJST093093,chr2.29383831.G.A,SNV,C1_WGS,0.483870967741935,ALK
SJNBL046419,chr2.29209798.C.T,SNV,C1_WGS,0.637931034482759,ALK
SJNBL096698,chr2.29209798.C.T,SNV,C1_WGS,0.371428571428571,ALK
SJNBL096705,chr2.29220829.G.T,SNV,C1_WGS,0.65,ALK
SJNBL096711,chr2.29220829.G.T,SNV,C1_WGS,0.775,ALK
SJNBL082857,chr2.29220829.G.T,SNV,C1_WGS,0.403846153846154,ALK
SJNBL080413,chr2.29220829.G.T,SNV,C1B_WGS,0.549019607843137,ALK
SJNBL046419,chr2.29209798.C.T,SNV,C2_WGS,0.637931034482759,ALK
SJNBL083051,chr2.29209798.C.T,SNV,C3_WGS,0.588235294117647,ALK
SJNBL046419,chr2.29209798.C.T,SNV,C3_WGS,0.622641509433962,ALK
SJNBL046420,chr2.29220829.G.T,SNV,C4_WGS,0.35423197492163,ALK
SJNBL083051,chr2.29209798.C.T,SNV,C5_WGS,0.648648648648649,ALK
SJNBL046420,chr2.29220829.G.T,SNV,C6_WGS,0.475,ALK
SJNBL046420,chr2.29220829.G.T,SNV,C8_WGS,0.265625,ALK
SJBALL020016,chr2.29220829.G.T,SNV,C185_WGS,0.375,ALK
SJAML066169,chr4.54733155.A.T,SNV,C1_WGS,0.625,KIT
SJAML080079,chr4.54733174.T.A,SNV,C1_WGS,1,KIT
SJAML080365,chr4.54733174.T.A,SNV,C1_WGS,0.888888888888889,KIT
SJMEL093203,chr4.54727495.T.C,SNV,C1_WGS,1,KIT
SJAML080079,chr4.54733174.T.A,SNV,C1B_WGS,1,KIT
SJAML080365,chr4.54733174.T.A,SNV,C2_WGS,0.888888888888889,KIT
SJTALL073623,chr4.54698476.G.A,SNV,C2_WGS,0.4,KIT
SJAML080365,chr4.54733174.T.A,SNV,C4_WGS,0.885057471264368,KIT
SJNBL083051,chr4.54727220.C.A,SNV,C5_WGS,0.304347826086957,KIT
SJAML080365,chr4.54733174.T.A,SNV,C5_WGS,0.78125,KIT
SJNHL067335,chr4.54698476.G.A,SNV,C8_WGS,0.566037735849057,KIT
SJNKCLL064621,chr2.208248388.C.T,SNV,C1_WGS,1,IDH1
SJSTS092772,chr2.208248389.G.A,SNV,C1_WGS,0.452830188679245,IDH1
SJALL064607,chr12.25245317.A.C,SNV,C1_WGS,0.558139534883721,KRAS
SJALL075982,chr12.25245350.C.T,SNV,C1_WGS,0.5,KRAS
SJALL075987,chr12.25225628.C.T,SNV,C1_WGS,0.235294117647059,KRAS
SJAML068300,chr12.25225628.C.T,SNV,C1_WGS,0.647058823529412,KRAS
SJAML075984,chr12.25225628.C.G,SNV,C1_WGS,0.5,KRAS
SJAML077033,chr12.25227341.T.G,SNV,C1_WGS,0.3,KRAS
SJAML077106,chr12.25225627.G.A,SNV,C1_WGS,0.586206896551724,KRAS
SJBALL060369,chr12.25245351.C.T,SNV,C1_WGS,0.48780487804878,KRAS
SJBALL060370,chr12.25245347.C.T,SNV,C1_WGS,1,KRAS
SJBALL068301,chr12.25225628.C.T,SNV,C1_WGS,0.346153846153846,KRAS
SJBALL077297,chr12.25245350.C.T,SNV,C1_WGS,0.682926829268293,KRAS
SJBALL077302,chr12.25245345.C.G,SNV,C1_WGS,0.703703703703704,KRAS
SJBALL080707,chr12.25245351.C.G,SNV,C1_WGS,0.48,KRAS
SJBALL092592,chr12.25245350.C.T,SNV,C1_WGS,0.631578947368421,KRAS
SJBRCA092754,chr12.25245350.C.A,SNV,C1_WGS,0.753623188405797,KRAS
SJBRCA092876,chr12.25245347.C.T,SNV,C1_WGS,0.692307692307692,KRAS
SJCOAD092746,chr12.25245347.C.T,SNV,C1_WGS,0.564102564102564,KRAS
SJCOAD092747,chr12.25245347.C.T,SNV,C1_WGS,0.371428571428571,KRAS
SJCOAD092849,chr12.25245350.C.T,SNV,C1_WGS,0.391304347826087,KRAS
SJCOAD092851,chr12.25245347.C.T,SNV,C1_WGS,0.73469387755102,KRAS
SJCOAD092865,chr12.25245350.C.T,SNV,C1_WGS,0.633333333333333,KRAS
SJCOAD092978,chr12.25245347.C.T,SNV,C1_WGS,0.678571428571429,KRAS
SJCOAD093071,chr12.25245350.C.A,SNV,C1_WGS,0.807228915662651,KRAS
SJCOAD093104,chr12.25245350.C.T,SNV,C1_WGS,0.485714285714286,KRAS
SJCOAD093117,chr12.25245350.C.T,SNV,C1_WGS,0.258064516129032,KRAS
SJCOAD093137,chr12.25245350.C.A,SNV,C1_WGS,1,KRAS
SJCOAD093138,chr12.25245350.C.A,SNV,C1_WGS,1,KRAS
SJCOAD093144,chr12.25227342.T.A,SNV,C1_WGS,0.76,KRAS
SJCOAD093148,chr12.25245347.C.T,SNV,C1_WGS,0.6,KRAS
SJCOAD093228,chr12.25245350.C.T,SNV,C1_WGS,0.571428571428571,KRAS
SJHM080405,chr12.25225713.T.G,SNV,C1_WGS,1,KRAS
SJHM085156,chr12.25245347.C.T,SNV,C1_WGS,0.36,KRAS
SJLUAD074474,chr12.25245351.C.T,SNV,C1_WGS,1,KRAS
SJLUAD092727,chr12.25227341.T.G,SNV,C1_WGS,1,KRAS
SJLUAD092733,chr12.25245347.C.T,SNV,C1_WGS,0.513513513513513,KRAS
SJLUAD092737,chr12.25245351.C.A,SNV,C1_WGS,1,KRAS
SJLUAD092920,chr12.25245348.C.A,SNV,C1_WGS,0.366666666666667,KRAS
SJLUAD092921,chr12.25245351.C.A,SNV,C1_WGS,1,KRAS
SJLUAD092932,chr12.25245351.C.A,SNV,C1_WGS,0.8,KRAS
SJLUAD092943,chr12.25245351.C.A,SNV,C1_WGS,0.95,KRAS
SJLUAD092948,chr12.25245351.C.A,SNV,C1_WGS,1,KRAS
SJLUAD092958,chr12.25245349.ACCA.AAAA,MNV,C1_WGS,1,KRAS
SJLUAD092958,chr12.25245350.C.A,SNV,C1_WGS,1,KRAS
SJLUAD092958,chr12.25245351.C.A,SNV,C1_WGS,1,KRAS
SJLUAD092959,chr12.25245351.C.A,SNV,C1_WGS,0.753623188405797,KRAS
SJLUAD092963,chr12.25245351.C.A,SNV,C1_WGS,0.735294117647059,KRAS
SJLUAD092975,chr12.25227342.T.A,SNV,C1_WGS,1,KRAS
SJLUAD093039,chr12.25245350.C.G,SNV,C1_WGS,0.788461538461538,KRAS
SJLUAD093085,chr12.25245350.C.T,SNV,C1_WGS,0.641509433962264,KRAS
SJLUAD093326,chr12.25227343.G.T,SNV,C1_WGS,0.569230769230769,KRAS
SJLUSC092667,chr12.25245351.C.A,SNV,C1_WGS,0.822222222222222,KRAS
SJLUSC092928,chr12.25245351.C.G,SNV,C1_WGS,0.576923076923077,KRAS
SJLUSC093142,chr12.25245350.C.A,SNV,C1_WGS,0.676056338028169,KRAS
SJMM076230,chr12.25245350.C.G,SNV,C1_WGS,0.5,KRAS
SJNHL076230,chr12.25245350.C.G,SNV,C1_WGS,0.483870967741935,KRAS
SJNHL092812,chr12.25245360.C.T,SNV,C1_WGS,0.13953488372093,KRAS
SJNHL092820,chr12.25245351.C.T,SNV,C1_WGS,1,KRAS
SJNHL093046,chr12.25245350.C.G,SNV,C1_WGS,0.758620689655172,KRAS
SJNKCLL064622,chr12.25245350.C.G,SNV,C1_WGS,0.565217391304348,KRAS
SJNORM093041,chr12.25245358.AA.AGCTCCAA,Indel,C1_WGS,1,KRAS
SJNORM093044,chr12.25245358.AA.AGCTCCAA,Indel,C1_WGS,0.5,KRAS
SJNORM093044,chr12.25225628.C.G,SNV,C1_WGS,0.41025641025641,KRAS
SJNORM093045,chr12.25245358.AA.AGCTCCAA,Indel,C1_WGS,0.5,KRAS
SJNSCLC093319,chr12.25245350.C.A,SNV,C1_WGS,0.830409356725146,KRAS
SJOS080410,chr12.25227349.C.T,SNV,C1_WGS,0.147058823529412,KRAS
SJPML064609,chr12.25245332.G.T,SNV,C1_WGS,0.739130434782609,KRAS
SJSCLC092675,chr12.25245350.C.A,SNV,C1_WGS,1,KRAS
SJSCLC093065,chr12.25245350.C.A,SNV,C1_WGS,1,KRAS
SJST047885,chr12.25245351.C.A,SNV,C1_WGS,1,KRAS
SJST080355,chr12.25245350.C.T,SNV,C1_WGS,0.525,KRAS
SJST092665,chr12.25245350.C.A,SNV,C1_WGS,1,KRAS
SJST092682,chr12.25245350.C.A,SNV,C1_WGS,1,KRAS
SJST092708,chr12.25245350.C.T,SNV,C1_WGS,0.40625,KRAS
SJST092740,chr12.25245350.C.T,SNV,C1_WGS,0.46875,KRAS
SJST092743,chr12.25245350.C.T,SNV,C1_WGS,1,KRAS
SJST092750,chr12.25245350.C.T,SNV,C1_WGS,0.532258064516129,KRAS
SJST092780,chr12.25245350.C.T,SNV,C1_WGS,0.576923076923077,KRAS
SJST092860,chr12.25245351.C.A,SNV,C1_WGS,0.851485148514851,KRAS
SJST092861,chr12.25245351.C.A,SNV,C1_WGS,0.580645161290323,KRAS
SJST092966,chr12.25227341.T.A,SNV,C1_WGS,1,KRAS
SJST092974,chr12.25245347.C.T,SNV,C1_WGS,1,KRAS
SJST093005,chr12.25245351.C.A,SNV,C1_WGS,0.380952380952381,KRAS
SJST093009,chr12.25245350.C.A,SNV,C1_WGS,1,KRAS
SJST093023,chr12.25245350.C.A,SNV,C1_WGS,0.803921568627451,KRAS
SJST093025,chr12.25245350.C.T,SNV,C1_WGS,0.414285714285714,KRAS
SJST093032,chr12.25245350.C.A,SNV,C1_WGS,0.653846153846154,KRAS
SJST093035,chr12.25245351.C.G,SNV,C1_WGS,0.841935483870968,KRAS
SJST093062,chr12.25245350.C.A,SNV,C1_WGS,0.918238993710692,KRAS
SJST093092,chr12.25245350.C.A,SNV,C1_WGS,0.441176470588235,KRAS
SJST093093,chr12.25245350.C.T,SNV,C1_WGS,0.485714285714286,KRAS
SJST093105,chr12.25245350.C.T,SNV,C1_WGS,1,KRAS
SJST093109,chr12.25245350.C.T,SNV,C1_WGS,0.6875,KRAS
SJST093114,chr12.25245350.C.T,SNV,C1_WGS,1,KRAS
SJST093120,chr12.25245350.C.T,SNV,C1_WGS,0.823529411764706,KRAS
SJST093135,chr12.25245351.C.A,SNV,C1_WGS,1,KRAS
SJST093141,chr12.25245351.C.A,SNV,C1_WGS,0.547619047619048,KRAS
SJST093184,chr12.25245350.C.T,SNV,C1_WGS,0.735294117647059,KRAS
SJST093186,chr12.25245350.C.A,SNV,C1_WGS,1,KRAS
SJST093189,chr12.25227348.G.C,SNV,C1_WGS,0.578947368421053,KRAS
SJST093211,chr12.25245350.C.A,SNV,C1_WGS,0.8828125,KRAS
SJST093238,chr12.25245350.C.A,SNV,C1_WGS,1,KRAS
SJST093239,chr12.25245350.C.A,SNV,C1_WGS,1,KRAS
SJST093247,chr12.25245350.C.T,SNV,C1_WGS,0.647058823529412,KRAS
SJST093253,chr12.25245350.C.T,SNV,C1_WGS,0.545454545454545,KRAS
SJST093259,chr12.25227341.T.G,SNV,C1_WGS,0.375,KRAS
SJST093262,chr12.25245351.C.A,SNV,C1_WGS,0.6,KRAS
SJST093263,chr12.25245350.C.T,SNV,C1_WGS,0.548387096774194,KRAS
SJST093266,chr12.25245350.C.A,SNV,C1_WGS,1,KRAS
SJST093269,chr12.25245350.C.T,SNV,C1_WGS,0.838028169014085,KRAS
SJST093272,chr12.25245351.C.G,SNV,C1_WGS,0.525,KRAS
SJST093278,chr12.25245350.C.A,SNV,C1_WGS,0.558139534883721,KRAS
SJST093287,chr12.25245350.C.T,SNV,C1_WGS,1,KRAS
SJST093290,chr12.25245350.C.T,SNV,C1_WGS,0.62,KRAS
SJST093291,chr12.25245351.C.G,SNV,C1_WGS,1,KRAS
SJST093306,chr12.25245350.C.T,SNV,C1_WGS,1,KRAS
SJST093310,chr12.25245350.C.T,SNV,C1_WGS,0.511111111111111,KRAS
SJST093313,chr12.25245350.C.A,SNV,C1_WGS,0.903225806451613,KRAS
SJST093327,chr12.25245350.C.T,SNV,C1_WGS,0.7890625,KRAS
SJST093328,chr12.25245350.C.T,SNV,C1_WGS,0.56,KRAS
SJST093335,chr12.25245351.C.G,SNV,C1_WGS,0.555555555555556,KRAS
SJST093337,chr12.25245350.C.T,SNV,C1_WGS,0.59375,KRAS
SJSTS093036,chr12.25245350.C.A,SNV,C1_WGS,1,KRAS
SJOS080407,chr12.25227341.T.A,SNV,C1_WGS,0.048780487804878,KRAS
SJTALL068304,chr12.25245350.C.T,SNV,C1_WGS,0.1,KRAS
SJLUAD093326,chr12.25227342.TGAC.TTGC,MNV,C1_WGS,0.573333333333333,KRAS
SJST092830,chr12.25227342.T.C,SNV,C1_WGS,1,KRAS
SJST092752,chr12.25245350.C.A,SNV,C1_WGS,0.625,KRAS
SJST092800,chr12.25245350.C.A,SNV,C1_WGS,0.65,KRAS
SJST092761,chr12.25245350.C.A,SNV,C1_WGS,0.571428571428571,KRAS
SJST092873,chr12.25245350.C.A,SNV,C1_WGS,0.682926829268293,KRAS
SJGB092635,chr12.25245350.C.T,SNV,C1_WGS,0.390243902439024,KRAS
SJST092670,chr12.25245350.C.T,SNV,C1_WGS,1,KRAS
SJST093162,chr12.25245351.C.A,SNV,C1_WGS,0.51063829787234,KRAS
SJST093026,chr12.25245351.C.G,SNV,C1_WGS,1,KRAS
SJBALL097444,chr12.25245345.C.T,SNV,C1_WGS,0.517241379310345,KRAS
SJAML096692,chr12.25245350.C.A,SNV,C1_WGS,0.566666666666667,KRAS
SJBALL096744,chr12.25245350.C.T,SNV,C1_WGS,0.540540540540541,KRAS
SJTALL085566,chr12.25245350.C.T,SNV,C1_WGS,0.0666666666666667,KRAS
SJHM080405,chr12.25225713.T.G,SNV,C1B_WGS,1,KRAS
SJOS080410,chr12.25227349.C.T,SNV,C1B_WGS,0,KRAS
SJOS080407,chr12.25227341.T.A,SNV,C1B_WGS,0.048780487804878,KRAS
SJAML077033,chr12.25227341.T.G,SNV,C1B_WGS,0.5,KRAS
SJPML064609,chr12.25245332.G.T,SNV,C1B_WGS,0.786666666666667,KRAS
SJNKCLL064622,chr12.25245350.C.G,SNV,C1B_WGS,0.5,KRAS
SJALL064607,chr12.25245317.A.C,SNV,C2_WGS,0.653846153846154,KRAS
SJBLCA063783,chr12.25245351.C.A,SNV,C2_WGS,1,KRAS
SJST080355,chr12.25245350.C.T,SNV,C2_WGS,0.525,KRAS
SJAML077033,chr12.25227341.T.G,SNV,C2_WGS,0.5,KRAS
SJALL062803,chr12.25245317.A.C,SNV,C4_WGS,0.653846153846154,KRAS
SJMPAL047180,chr12.25245277.T.C,SNV,C8_WGS,0.6,KRAS
SJAML077106,chr8.127738438.C.T,SNV,C1_WGS,0.391304347826087,MYC
SJAML080079,chr8.127738438.C.A,SNV,C1_WGS,0.782608695652174,MYC
SJAMLM083676,chr8.127738395.C.A,SNV,C1_WGS,0.632911392405063,MYC
SJBALL077301,chr8.127738446.T.C,SNV,C1_WGS,0.347826086956522,MYC
SJBALL092620,chr8.127738431.C.A,SNV,C1_WGS,0.54,MYC
SJBALL092620,chr8.127738791.T.C,SNV,C1_WGS,0.480769230769231,MYC
SJBALL092620,chr8.127738799.G.C,SNV,C1_WGS,0.471698113207547,MYC
SJBALL092620,chr8.127739017.C.G,SNV,C1_WGS,0.44,MYC
SJBL073624,chr8.127738266.C.T,SNV,C1_WGS,0.192307692307692,MYC
SJBL073624,chr8.127738279.G.C,SNV,C1_WGS,0.166666666666667,MYC
SJBL073624,chr8.127738379.G.C,SNV,C1_WGS,0.333333333333333,MYC
SJBL073624,chr8.127738393.C.T,SNV,C1_WGS,0.571428571428571,MYC
SJBL073624,chr8.127738435.C.T,SNV,C1_WGS,0.428571428571429,MYC
SJBLCA077104,chr8.127738506.C.T,SNV,C1_WGS,0.3125,MYC
SJBLCA093047,chr8.127738506.C.T,SNV,C1_WGS,0.380952380952381,MYC
SJCOAD092849,chr8.127738647.A.G,SNV,C1_WGS,0.4,MYC
SJLUAD092834,chr8.127738782.T.A,SNV,C1_WGS,1,MYC
SJLUAD092945,chr8.127738422.G.A,SNV,C1_WGS,0.0697674418604651,MYC
SJNHL073624,chr8.127738266.C.T,SNV,C1_WGS,0.236842105263158,MYC
SJNHL073624,chr8.127738279.G.C,SNV,C1_WGS,0.264705882352941,MYC
SJNHL073624,chr8.127738379.G.C,SNV,C1_WGS,0.34375,MYC
SJNHL073624,chr8.127738393.C.T,SNV,C1_WGS,0.375,MYC
SJNHL073624,chr8.127738435.C.T,SNV,C1_WGS,0.464285714285714,MYC
SJNHL073624,chr8.127738794.C.G,SNV,C1_WGS,0.325581395348837,MYC
SJNHL092573,chr8.127738431.CCCACC.CACATC,MNV,C1_WGS,0.470588235294118,MYC
SJNHL092573,chr8.127738435.C.T,SNV,C1_WGS,0.488372093023256,MYC
SJNHL092706,chr8.127738284.ACCAACAG.AG,Indel,C1_WGS,0.424242424242424,MYC
SJNHL092706,chr8.127738346.G.T,SNV,C1_WGS,0.525,MYC
SJNHL092812,chr8.127738495.C.G,SNV,C1_WGS,0.372093023255814,MYC
SJPRAD092854,chr8.127738351.A.G,SNV,C1_WGS,0.558823529411765,MYC
SJSCLC092977,chr8.127738585.G.A,SNV,C1_WGS,0.526315789473684,MYC
SJST093050,chr8.127738818.T.C,SNV,C1_WGS,0.30188679245283,MYC
SJST093141,chr8.127738491.G.A,SNV,C1_WGS,0.475,MYC
SJST093151,chr8.127738977.G.T,SNV,C1_WGS,0.0866141732283465,MYC
SJBL073624,chr8.127738434.ACCC.ATTC,MNV,C1_WGS,0.416666666666667,MYC
SJNHL073624,chr8.127738434.ACCC.ATTC,MNV,C1_WGS,0.470588235294118,MYC
SJST093151,chr8.127738975.TGGT.TTTT,MNV,C1_WGS,0.0790960451977401,MYC
SJNHL093200,chr8.127738440.C.G,SNV,C1_WGS,0.476190476190476,MYC
SJHL093215,chr8.127739008.G.A,SNV,C1_WGS,0.307692307692308,MYC
SJBL085540,chr8.127736612.G.A,SNV,C1_WGS,0.368421052631579,MYC
SJBL085585,chr8.127736612.G.A,SNV,C1_WGS,0.42,MYC
SJBL085563,chr8.127738275.GTTAGCTT.GCTAGCGT,MNV,C1_WGS,0.0967741935483871,MYC
SJBL085563,chr8.127738276.T.C,SNV,C1_WGS,0.391304347826087,MYC
SJBL097318,chr8.127738285.C.G,SNV,C1_WGS,0.759259259259259,MYC
SJBL085543,chr8.127738297.A.C,SNV,C1_WGS,0.481481481481481,MYC
SJBL097318,chr8.127738369.A.T,SNV,C1_WGS,0.771929824561403,MYC
SJBL085567,chr8.127738379.G.C,SNV,C1_WGS,0.571428571428571,MYC
SJBL097318,chr8.127738431.C.A,SNV,C1_WGS,0.759259259259259,MYC
SJBL097086,chr8.127738431.C.T,SNV,C1_WGS,0.363636363636364,MYC
SJBL085540,chr8.127738434.A.G,SNV,C1_WGS,0.333333333333333,MYC
SJBL085585,chr8.127738434.A.G,SNV,C1_WGS,0.5625,MYC
SJHM085552,chr8.127738440.C.G,SNV,C1_WGS,0.409090909090909,MYC
SJBL097318,chr8.127738545.A.C,SNV,C1_WGS,0.745454545454545,MYC
SJBL085539,chr8.127738671.GGCTTC.GACTCC,MNV,C1_WGS,0.346153846153846,MYC
SJBL085567,chr8.127738707.C.G,SNV,C1_WGS,0.75,MYC
SJBL097318,chr8.127738810.C.T,SNV,C1_WGS,0.666666666666667,MYC
SJBL073624,chr8.127738266.C.T,SNV,C1B_WGS,0.241379310344828,MYC
SJBL073624,chr8.127738276.T.C,SNV,C1B_WGS,0.1875,MYC
SJBL073624,chr8.127738279.G.C,SNV,C1B_WGS,0.290322580645161,MYC
SJBL073624,chr8.127738379.G.C,SNV,C1B_WGS,0.285714285714286,MYC
SJBL073624,chr8.127738393.C.T,SNV,C1B_WGS,0.162162162162162,MYC
SJBL073624,chr8.127738435.C.T,SNV,C1B_WGS,0.542857142857143,MYC
SJAML080079,chr8.127738438.C.A,SNV,C1B_WGS,0.701754385964912,MYC
SJBALL083049,chr8.127738291.G.C,SNV,C2_WGS,0.730769230769231,MYC
SJST080358,chr8.127738585.G.A,SNV,C2_WGS,0.48780487804878,MYC
SJBL085563,chr8.127738276.T.C,SNV,C2_WGS,0.52,MYC
SJBL085563,chr8.127738437.C.T,SNV,C2_WGS,0.142857142857143,MYC
SJBL085539,chr8.127738671.GGCTTC.GACTCC,MNV,C2_WGS,0.491228070175439,MYC
SJDLBCL093166,chr8.127738870.G.A,SNV,C2_WGS,0.6,MYC
SJBL085563,chr8.127739007.A.C,SNV,C2_WGS,0.458333333333333,MYC
SJBLCA077104,chr8.127738506.C.T,SNV,C3_WGS,0.35,MYC
SJAML011230,chr8.127738395.C.A,SNV,C7_WGS,0.451612903225806,MYC
SJBLCA093149,chr3.179218303.G.A,SNV,C1_WGS,0.580645161290323,PIK3CA
SJBLCA093201,chr3.179218294.G.A,SNV,C1_WGS,0.566666666666667,PIK3CA
SJBLCA093279,chr3.179234297.A.G,SNV,C1_WGS,0.673913043478261,PIK3CA
SJBRCA010843,chr3.179199158.G.C,SNV,C1_WGS,0.229166666666667,PIK3CA
SJBRCA092642,chr3.179218286.C.G,SNV,C1_WGS,0.333333333333333,PIK3CA
SJBRCA092642,chr3.179234297.A.G,SNV,C1_WGS,0.266666666666667,PIK3CA
SJBRCA092648,chr3.179218294.G.A,SNV,C1_WGS,0.45945945945946,PIK3CA
SJBRCA092658,chr3.179218294.G.A,SNV,C1_WGS,0.552631578947368,PIK3CA
SJBRCA092725,chr3.179234297.A.G,SNV,C1_WGS,0.85,PIK3CA
SJBRCA092726,chr3.179218303.G.A,SNV,C1_WGS,0.465116279069767,PIK3CA
SJBRCA092832,chr3.179234297.A.T,SNV,C1_WGS,1,PIK3CA
SJBRCA092879,chr3.179234297.A.G,SNV,C1_WGS,0.648648648648649,PIK3CA
SJBRCA093164,chr3.179234297.A.G,SNV,C1_WGS,0.310344827586207,PIK3CA
SJBRCA093236,chr3.179218303.G.A,SNV,C1_WGS,0.565217391304348,PIK3CA
SJBRCA093271,chr3.179210192.T.C,SNV,C1_WGS,0.714285714285714,PIK3CA
SJBRCA093282,chr3.179234297.A.G,SNV,C1_WGS,0.816666666666667,PIK3CA
SJCOAD092671,chr3.179210192.T.C,SNV,C1_WGS,0.5,PIK3CA
SJCOAD092746,chr3.179234297.A.G,SNV,C1_WGS,0.387096774193548,PIK3CA
SJCOAD092747,chr3.179218303.G.A,SNV,C1_WGS,0.608695652173913,PIK3CA
SJCOAD092747,chr3.179218315.G.A,SNV,C1_WGS,0.526315789473684,PIK3CA
SJCOAD092773,chr3.179199088.G.A,SNV,C1_WGS,0.590909090909091,PIK3CA
SJCOAD092776,chr3.179210279.C.A,SNV,C1_WGS,0.730769230769231,PIK3CA
SJCOAD092849,chr3.179234297.A.T,SNV,C1_WGS,0.625,PIK3CA
SJCOAD092865,chr3.179234297.A.G,SNV,C1_WGS,0.333333333333333,PIK3CA
SJCOAD092967,chr3.179218303.G.A,SNV,C1_WGS,0.444444444444444,PIK3CA
SJCOAD093037,chr3.179234297.A.G,SNV,C1_WGS,0.3,PIK3CA
SJCOAD093104,chr3.179234297.A.G,SNV,C1_WGS,0.416666666666667,PIK3CA
SJCOAD093117,chr3.179221144.A.G,SNV,C1_WGS,0.454545454545455,PIK3CA
SJCOAD093136,chr3.179230077.G.A,SNV,C1_WGS,0.478260869565217,PIK3CA
SJCOAD093144,chr3.179218294.G.A,SNV,C1_WGS,1,PIK3CA
SJCOAD093148,chr3.179218294.G.A,SNV,C1_WGS,0.821428571428571,PIK3CA
SJGB093314,chr3.179203764.A.G,SNV,C1_WGS,0.538461538461538,PIK3CA
SJHGG085163,chr3.179234297.A.G,SNV,C1_WGS,0.605263157894737,PIK3CA
SJLUAD092941,chr3.179199690.G.A,SNV,C1_WGS,0.583333333333333,PIK3CA
SJLUSC077101,chr3.179221146.G.A,SNV,C1_WGS,1,PIK3CA
SJLUSC092732,chr3.179234297.A.G,SNV,C1_WGS,0.594594594594595,PIK3CA
SJNHL093293,chr3.179218303.G.A,SNV,C1_WGS,0.3125,PIK3CA
SJPRAD092693,chr3.179218307.A.G,SNV,C1_WGS,0.6,PIK3CA
SJRCC092640,chr3.179218303.G.A,SNV,C1_WGS,0.588235294117647,PIK3CA
SJSCLC092916,chr3.179234297.A.G,SNV,C1_WGS,0.5,PIK3CA
SJSCLC092977,chr3.179199141.GGCAACCGTGA.GA,Indel,C1_WGS,0.394736842105263,PIK3CA
SJSCLC093276,chr3.179218294.G.A,SNV,C1_WGS,0.833333333333333,PIK3CA
SJST092704,chr3.179204536.G.A,SNV,C1_WGS,0.484848484848485,PIK3CA
SJST092708,chr3.179210291.G.A,SNV,C1_WGS,0.458333333333333,PIK3CA
SJST092708,chr3.179218304.A.C,SNV,C1_WGS,0.615384615384615,PIK3CA
SJST092740,chr3.179234302.G.C,SNV,C1_WGS,0.660714285714286,PIK3CA
SJST092741,chr3.179234286.G.T,SNV,C1_WGS,0.441176470588235,PIK3CA
SJST092751,chr3.179218294.G.A,SNV,C1_WGS,0.777777777777778,PIK3CA
SJST092786,chr3.179198937.C.T,SNV,C1_WGS,0.48,PIK3CA
SJST092788,chr3.179218294.G.A,SNV,C1_WGS,0.375,PIK3CA
SJST092795,chr3.179199088.G.A,SNV,C1_WGS,0.652173913043478,PIK3CA
SJST092840,chr3.179218303.G.A,SNV,C1_WGS,0.714285714285714,PIK3CA
SJST092861,chr3.179234230.A.G,SNV,C1_WGS,0.340909090909091,PIK3CA
SJST092892,chr3.179218286.C.G,SNV,C1_WGS,0.285714285714286,PIK3CA
SJST092895,chr3.179218303.G.A,SNV,C1_WGS,0.526315789473684,PIK3CA
SJST092966,chr3.179218303.G.A,SNV,C1_WGS,0.730769230769231,PIK3CA
SJST092973,chr3.179218303.G.A,SNV,C1_WGS,0.531914893617021,PIK3CA
SJST092995,chr3.179234297.A.T,SNV,C1_WGS,0.674418604651163,PIK3CA
SJST093060,chr3.179218303.G.A,SNV,C1_WGS,0.125,PIK3CA
SJST093086,chr3.179234297.A.G,SNV,C1_WGS,0.552631578947368,PIK3CA
SJST093087,chr3.179199088.G.A,SNV,C1_WGS,0.578947368421053,PIK3CA
SJST093092,chr3.179199088.G.A,SNV,C1_WGS,0.391304347826087,PIK3CA
SJST093113,chr3.179199136.C.G,SNV,C1_WGS,0.333333333333333,PIK3CA
SJST093154,chr3.179218303.G.A,SNV,C1_WGS,0.530612244897959,PIK3CA
SJST093188,chr3.179210192.T.C,SNV,C1_WGS,0.5625,PIK3CA
SJST093297,chr3.179234296.C.T,SNV,C1_WGS,0.43859649122807,PIK3CA
SJST093300,chr3.179234297.A.G,SNV,C1_WGS,0.485714285714286,PIK3CA
SJST093334,chr3.179234297.A.G,SNV,C1_WGS,0.351351351351351,PIK3CA
SJTALL073623,chr3.179218305.G.T,SNV,C1_WGS,0.28125,PIK3CA
SJTALL073623,chr3.179230348.G.A,SNV,C1_WGS,0.5,PIK3CA
SJTALL080085,chr3.179218305.G.T,SNV,C1_WGS,0.35,PIK3CA
SJTALL080085,chr3.179230348.G.A,SNV,C1_WGS,0.642857142857143,PIK3CA
SJTALL080093,chr3.179234297.A.G,SNV,C1_WGS,0.466666666666667,PIK3CA
SJST092795,chr3.179218294.G.A,SNV,C1_WGS,0.04,PIK3CA
SJTALL071491,chr3.179221048.G.A,SNV,C1_WGS,0.291666666666667,PIK3CA
SJSCLC092916,chr3.179199157.A.G,SNV,C1_WGS,0.347826086956522,PIK3CA
SJBRCA092877,chr3.179218303.G.A,SNV,C1_WGS,0.148148148148148,PIK3CA
SJGB092988,chr3.179198937.C.T,SNV,C1_WGS,0.851851851851852,PIK3CA
SJST092752,chr3.179199088.G.A,SNV,C1_WGS,0.365853658536585,PIK3CA
SJST093161,chr3.179218303.G.A,SNV,C1_WGS,0.488372093023256,PIK3CA
SJCOAD093000,chr3.179218303.G.A,SNV,C1_WGS,0.546875,PIK3CA
SJBRCA093127,chr3.179234297.A.G,SNV,C1_WGS,0.581818181818182,PIK3CA
SJGB092989,chr3.179234297.A.G,SNV,C1_WGS,0.4,PIK3CA
SJST092779,chr3.179210276.GTACCTCATGGATTAGAAGATTTG.GAG,Indel,C1_WGS,0.269230769230769,PIK3CA
SJHGG096710,chr3.179198940.G.A,SNV,C1_WGS,0.333333333333333,PIK3CA
SJHGG094233,chr3.179198940.G.A,SNV,C1_WGS,0.158730158730159,PIK3CA
SJMB085591,chr3.179199088.G.A,SNV,C1_WGS,0,PIK3CA
SJMPNST096709,chr3.179218294.G.A,SNV,C1_WGS,0.379310344827586,PIK3CA
SJNBL046424,chr3.179218294.G.A,SNV,C1_WGS,0.571428571428571,PIK3CA
SJHGG096716,chr3.179218303.G.C,SNV,C1_WGS,0.742857142857143,PIK3CA
SJHGG096710,chr3.179234176.G.C,SNV,C1_WGS,0.344827586206897,PIK3CA
SJHGG094233,chr3.179234176.G.C,SNV,C1_WGS,0.157894736842105,PIK3CA
SJOS096707,chr3.179234297.A.G,SNV,C1_WGS,0.465116279069767,PIK3CA
SJRHB096732,chr3.179234297.A.G,SNV,C1_WGS,0.379310344827586,PIK3CA
SJTALL080088,chr3.179203760.G.A,SNV,C1B_WGS,0.132075471698113,PIK3CA
SJTALL080088,chr3.179234297.A.G,SNV,C1B_WGS,0.196078431372549,PIK3CA
SJBRCA080476,chr3.179210192.T.C,SNV,C2_WGS,0.589041095890411,PIK3CA
SJHGG093347,chr3.179199088.G.A,SNV,C2_WGS,0.483870967741935,PIK3CA
SJST080358,chr3.179199141.GGCAACCGTGA.GA,Indel,C2_WGS,0.411764705882353,PIK3CA
SJTALL067335,chr3.179218305.G.T,SNV,C2_WGS,0.538461538461538,PIK3CA
SJTALL067335,chr3.179230348.G.A,SNV,C2_WGS,0.464285714285714,PIK3CA
SJMB085591,chr3.179199088.G.A,SNV,C2_WGS,0.357142857142857,PIK3CA
SJHGG085163,chr3.179218294.G.A,SNV,C2_WGS,0.555555555555556,PIK3CA
SJTALL073623,chr3.179218305.G.T,SNV,C2_WGS,0.545454545454545,PIK3CA
SJTALL073623,chr3.179230348.G.A,SNV,C2_WGS,0.303030303030303,PIK3CA
SJNHL067335,chr3.179218305.G.T,SNV,C8_WGS,0.492537313432836,PIK3CA
SJNHL067335,chr3.179230348.G.A,SNV,C8_WGS,0.60655737704918,PIK3CA
SJNBL046424,chr3.179218294.G.A,SNV,C20_WGS,0.571428571428571,PIK3CA
SJNBL046424,chr3.179218294.G.A,SNV,C22_WGS,0.693333333333333,PIK3CA
SJAML066168,chr12.112450395.C.T,SNV,C1_WGS,0.645161290322581,PTPN11
SJAML066168,chr12.112488466.C.T,SNV,C1_WGS,0.451612903225806,PTPN11
SJAML066169,chr12.112450362.A.T,SNV,C1_WGS,0.576923076923077,PTPN11
SJAML077033,chr12.112450393.T.A,SNV,C1_WGS,0.482758620689655,PTPN11
SJAML080705,chr12.112450358.G.C,SNV,C1_WGS,0.277777777777778,PTPN11
SJBALL077298,chr12.112489080.T.C,SNV,C1_WGS,0.508196721311475,PTPN11
SJBRCA092832,chr12.112489111.G.C,SNV,C1_WGS,0.25,PTPN11
SJCOAD092773,chr12.112489106.G.T,SNV,C1_WGS,0.354838709677419,PTPN11
SJGB093011,chr12.112450394.G.T,SNV,C1_WGS,0.3125,PTPN11
SJNHL092820,chr12.112489081.C.T,SNV,C1_WGS,0.430769230769231,PTPN11
SJSCLC092946,chr12.112450407.A.G,SNV,C1_WGS,0.291666666666667,PTPN11
SJST092786,chr12.112450364.T.C,SNV,C1_WGS,0.521739130434783,PTPN11
SJST092892,chr12.112453287.G.A,SNV,C1_WGS,0.555555555555556,PTPN11
SJST093113,chr12.112489081.C.T,SNV,C1_WGS,0.542857142857143,PTPN11
SJTALL068302,chr12.112450362.A.T,SNV,C1_WGS,0.473684210526316,PTPN11
SJMPNST096709,chr12.112450385.G.A,SNV,C1_WGS,0.566666666666667,PTPN11
SJCML096691,chr12.112488466.C.T,SNV,C1_WGS,0.435897435897436,PTPN11
SJAML080705,chr12.112450358.G.C,SNV,C1B_WGS,0.542857142857143,PTPN11
SJAML077033,chr12.112450393.T.A,SNV,C1B_WGS,0.466666666666667,PTPN11
SJAML093353,chr12.112450358.G.C,SNV,C2_WGS,0.545454545454545,PTPN11
SJAML077033,chr12.112450393.T.A,SNV,C2_WGS,0.466666666666667,PTPN11
SJEWS092602,chr12.112450395.C.A,SNV,C2_WGS,0.407407407407407,PTPN11
SJAML066168,chr12.112450395.C.T,SNV,C3_WGS,0.571428571428571,PTPN11
SJAML066168,chr12.112488466.C.T,SNV,C3_WGS,0.490196078431373,PTPN11
SJBALL069444,chr12.112489080.T.C,SNV,C10_WGS,0.571428571428571,PTPN11
SJNHL093210,chr21.38403558.GGT.GT,Indel,C1_WGS,0.0967741935483871,ERG
SJATRT096738,chr21.38383744.G.A,SNV,C1_WGS,0.387096774193548,ERG
SJHGS096689,chr21.38403656.T.A,SNV,C1_WGS,0.142857142857143,ERG
SJTLL083990,chr21.38383515.GA.GGTTGA,Indel,C2_WGS,0.666666666666667,ERG
SJTALL073626,chr21.38403617.G.A,SNV,C2_WGS,0.48,ERG
SJBALL077301,chr4.54285866.G.A,SNV,C1_WGS,0.384615384615385,PDGFRA
SJCOAD092773,chr4.54285866.G.A,SNV,C1_WGS,0.714285714285714,PDGFRA
SJTALL080086,chr4.54290347.GTGACCATC.GGC,Indel,C1_WGS,0.483870967741935,PDGFRA
SJCOAD092773,chr4.54285865.CGCAACGTCC.CACAACGTTC,MNV,C1_WGS,0.545454545454545,PDGFRA
SJBL080478,chr4.54270659.G.A,SNV,C1_WGS,0.142857142857143,PDGFRA
SJCOAD092671,chr7.129212167.CCT.CT,Indel,C1_WGS,0.368421052631579,SMO
SJCOAD092747,chr7.129211752.A.G,SNV,C1_WGS,0.485714285714286,SMO
SJCOAD093136,chr7.129212167.CCT.CT,Indel,C1_WGS,0.555555555555556,SMO
SJMB094067,chr7.129189486.A.C,SNV,C1_WGS,0.134615384615385,SMO
SJST092742,chr7.129212167.CCT.CT,Indel,C1_WGS,0.516129032258065,SMO
SJST092742,chr7.129189238.GGC.GC,Indel,C1_WGS,0.41025641025641,SMO
SJST092795,chr7.129212167.CCT.CT,Indel,C1_WGS,0.5,SMO
SJST093102,chr7.129212167.CCT.CT,Indel,C1_WGS,0.285714285714286,SMO
SJTALL080088,chr7.129212167.CCT.CT,Indel,C1_WGS,0.194444444444444,SMO
SJTALL080709,chr7.129212167.CCT.CT,Indel,C1_WGS,0.533333333333333,SMO
SJTALL080709,chr7.129189224.GAC.GC,Indel,C1_WGS,0.354838709677419,SMO
SJBL073624,chrX.41344401.T.G,SNV,C1_WGS,1,DDX3X
SJBL073624,chrX.41344403.T.A,SNV,C1_WGS,1,DDX3X
SJBL073624,chrX.41344405.T.G,SNV,C1_WGS,1,DDX3X
SJBRCA092642,chrX.41344248.C.G,SNV,C1_WGS,1,DDX3X
SJBRCA092878,chrX.41345202.G.C,SNV,C1_WGS,0.371794871794872,DDX3X
SJCOAD092851,chrX.41339041.C.T,SNV,C1_WGS,1,DDX3X
SJCOAD092866,chrX.41346315.T.C,SNV,C1_WGS,1,DDX3X
SJLUSC092928,chrX.41347437.G.C,SNV,C1_WGS,1,DDX3X
SJMEL093077,chrX.41346327.C.T,SNV,C1_WGS,1,DDX3X
SJNHL073624,chrX.41344401.T.G,SNV,C1_WGS,1,DDX3X
SJNHL073624,chrX.41344403.T.A,SNV,C1_WGS,1,DDX3X
SJNHL073624,chrX.41344405.T.G,SNV,C1_WGS,1,DDX3X
SJNHL092573,chrX.41345183.C.G,SNV,C1_WGS,1,DDX3X
SJNHL092771,chrX.41345223.T.G,SNV,C1_WGS,1,DDX3X
SJNHL092802,chrX.41345194.A.T,SNV,C1_WGS,0.583333333333333,DDX3X
SJNHL092868,chrX.41346336.C.T,SNV,C1_WGS,1,DDX3X
SJNHL093119,chrX.41346328.A.T,SNV,C1_WGS,1,DDX3X
SJNKCLL064621,chrX.41347349.C.T,SNV,C1_WGS,1,DDX3X
SJSCLC092918,chrX.41344043.A.G,SNV,C1_WGS,1,DDX3X
SJST092741,chrX.41346578.A.C,SNV,C1_WGS,1,DDX3X
SJST092742,chrX.41345545.A.G,SNV,C1_WGS,0.552631578947368,DDX3X
SJST092892,chrX.41344069.TCCTT.TT,Indel,C1_WGS,0.344827586206897,DDX3X
SJST092892,chrX.41344306.G.A,SNV,C1_WGS,0.37037037037037,DDX3X
SJST092990,chrX.41346590.G.A,SNV,C1_WGS,0.607142857142857,DDX3X
SJST093004,chrX.41345202.G.A,SNV,C1_WGS,0.384615384615385,DDX3X
SJST093054,chrX.41345215.A.T,SNV,C1_WGS,1,DDX3X
SJST093287,chrX.41345215.A.G,SNV,C1_WGS,1,DDX3X
SJTALL073626,chrX.41342644.G.A,SNV,C1_WGS,0.176470588235294,DDX3X
SJNHL092596,chrX.41339068.C.T,SNV,C1_WGS,1,DDX3X
SJBL085557,chrX.41342648.GGAACAGTAAGTTTTTGAAGTGTATGTTACTTGT.GT,Indel,C1_WGS,1,DDX3X
SJHGG096716,chrX.41342783.G.T,SNV,C1_WGS,0.128205128205128,DDX3X
SJBL097318,chrX.41345288.TATG.TG,Indel,C1_WGS,0.35,DDX3X
SJBL080478,chrX.41346608.G.A,SNV,C1_WGS,0.289473684210526,DDX3X
SJBL073624,chrX.41344401.T.G,SNV,C1B_WGS,1,DDX3X
SJBL073624,chrX.41344403.T.A,SNV,C1B_WGS,1,DDX3X
SJBL073624,chrX.41344405.T.G,SNV,C1B_WGS,1,DDX3X
SJNKCLL064621,chrX.41347349.C.T,SNV,C1B_WGS,1,DDX3X
SJALCL014734,chrX.41346942.G.A,SNV,C2_WGS,0.233333333333333,DDX3X
SJHB085598,chrX.41339073.A.T,SNV,C2_WGS,1,DDX3X
SJTALL046435,chrX.41342644.G.A,SNV,C2_WGS,0.15625,DDX3X
SJTALL073626,chrX.41342644.G.A,SNV,C2_WGS,0.166666666666667,DDX3X
SJBL080478,chrX.41346608.G.A,SNV,C2_WGS,0.535714285714286,DDX3X
SJALCL014734,chrX.41346942.G.A,SNV,C2B_WGS,0.233333333333333,DDX3X
SJBRCA080131,chrX.41344255.G.C,SNV,C5_WGS,1,DDX3X
SJALL077037,chr16.67611442.AC.AAC,Indel,C1_WGS,0.425,CTCF
SJALL077038,chr16.67611442.AC.AAC,Indel,C1_WGS,0.363636363636364,CTCF
SJAML062810,chr16.67611442.AC.AAC,Indel,C1_WGS,0.282051282051282,CTCF
SJAML075983,chr16.67611247.G.T,SNV,C1_WGS,0.296296296296296,CTCF
SJBRCA092726,chr16.67636719.G.C,SNV,C1_WGS,0.147058823529412,CTCF
SJBRCA092730,chr16.67628557.G.A,SNV,C1_WGS,0.4,CTCF
SJCOAD092671,chr16.67611442.AC.AAC,Indel,C1_WGS,0.530612244897959,CTCF
SJCOAD092849,chr16.67611388.CA.CCA,Indel,C1_WGS,0.61764705882353,CTCF
SJCOAD092849,chr16.67626605.C.T,SNV,C1_WGS,0.5,CTCF
SJCOAD092865,chr16.67611442.AC.AAC,Indel,C1_WGS,0.483870967741935,CTCF
SJCOAD093104,chr16.67612017.G.A,SNV,C1_WGS,0.607142857142857,CTCF
SJCOAD093117,chr16.67626590.C.T,SNV,C1_WGS,0.454545454545455,CTCF
SJCOAD093136,chr16.67628417.TTA.TA,Indel,C1_WGS,0.551724137931034,CTCF
SJLUAD093267,chr16.67611203.T.C,SNV,C1_WGS,0.125,CTCF
SJMEL092702,chr16.67611166.G.T,SNV,C1_WGS,0.25,CTCF
SJNHL092796,chr16.67611586.C.T,SNV,C1_WGS,0.557692307692308,CTCF
SJSCLC092954,chr16.67611511.G.T,SNV,C1_WGS,1,CTCF
SJST092694,chr16.67611442.AC.AAC,Indel,C1_WGS,0.513513513513513,CTCF
SJST092694,chr16.67637757.AAG.AG,Indel,C1_WGS,0.384615384615385,CTCF
SJST092741,chr16.67637762.C.T,SNV,C1_WGS,0.694444444444444,CTCF
SJST092742,chr16.67616808.G.A,SNV,C1_WGS,0.485714285714286,CTCF
SJST092786,chr16.67611442.AC.AAC,Indel,C1_WGS,0.558823529411765,CTCF
SJST092790,chr16.67611442.AC.AAC,Indel,C1_WGS,0.517241379310345,CTCF
SJST092795,chr16.67611441.AAC.AC,Indel,C1_WGS,0.5625,CTCF
SJST092825,chr16.67611442.AC.AAC,Indel,C1_WGS,0.452380952380952,CTCF
SJST092892,chr16.67620717.C.A,SNV,C1_WGS,0.558139534883721,CTCF
SJST092892,chr16.67621444.G.A,SNV,C1_WGS,0.634146341463415,CTCF
SJST092893,chr16.67611442.AC.AAC,Indel,C1_WGS,0.380952380952381,CTCF
SJST093050,chr16.67612001.C.T,SNV,C1_WGS,0.514285714285714,CTCF
SJST093087,chr16.67611410.AAG.AG,Indel,C1_WGS,0.542857142857143,CTCF
SJST093092,chr16.67620733.G.T,SNV,C1_WGS,0.333333333333333,CTCF
SJST093098,chr16.67636743.G.T,SNV,C1_WGS,0.857142857142857,CTCF
SJST093189,chr16.67611442.AC.AAC,Indel,C1_WGS,0.5,CTCF
SJTALL068304,chr16.67611441.AAC.AC,Indel,C1_WGS,0.538461538461538,CTCF
SJTALL068305,chr16.67611272.TT.TCCCAATCTCGGCCTT,Indel,C1_WGS,0.326530612244898,CTCF
SJTALL068305,chr16.67636819.C.T,SNV,C1_WGS,0.181818181818182,CTCF
SJTALL068306,chr16.67612119.C.T,SNV,C1_WGS,0.434782608695652,CTCF
SJTALL073623,chr16.67637705.G.A,SNV,C1_WGS,0.2,CTCF
SJTALL073626,chr16.67621555.CA.CCA,Indel,C1_WGS,0.372093023255814,CTCF
SJTALL073626,chr16.67628481.C.T,SNV,C1_WGS,0.689655172413793,CTCF
SJTALL080084,chr16.67611442.AC.AAC,Indel,C1_WGS,0.5,CTCF
SJTALL080085,chr16.67611202.G.T,SNV,C1_WGS,0.333333333333333,CTCF
SJTALL080088,chr16.67612119.C.T,SNV,C1_WGS,0.454545454545455,CTCF
SJTALL080088,chr16.67620743.C.T,SNV,C1_WGS,0.277777777777778,CTCF
SJTALL080704,chr16.67611442.AC.AAC,Indel,C1_WGS,0.583333333333333,CTCF
SJTALL080706,chr16.67620739.C.T,SNV,C1_WGS,0.578947368421053,CTCF
SJTALL080723,chr16.67626553.A.G,SNV,C1_WGS,0.5,CTCF
SJST092752,chr16.67620733.G.T,SNV,C1_WGS,0.533333333333333,CTCF
SJNHL092689,chr16.67611442.AC.AAC,Indel,C1_WGS,0.565217391304348,CTCF
SJST092761,chr16.67611442.AC.AAC,Indel,C1_WGS,0.5,CTCF
SJTALL085558,chr16.67616750.C.T,SNV,C1_WGS,0.3125,CTCF
SJNBL097481,chr16.67620742.C.T,SNV,C1_WGS,0.208333333333333,CTCF
SJTALL085558,chr16.67629503.C.T,SNV,C1_WGS,0.189189189189189,CTCF
SJBL085563,chr16.67637721.C.T,SNV,C1_WGS,0.5625,CTCF
SJTALL077294,chr16.67562725.G.A,SNV,C1B_WGS,0.555555555555556,CTCF
SJTALL080088,chr16.67611074.C.T,SNV,C1B_WGS,0.109375,CTCF
SJTALL068305,chr16.67611272.TT.TCCCAATCTCGGCCTT,Indel,C1B_WGS,0.411764705882353,CTCF
SJTALL080088,chr16.67612119.C.T,SNV,C1B_WGS,0.27906976744186,CTCF
SJTALL077294,chr16.67620739.C.T,SNV,C1B_WGS,0.0588235294117647,CTCF
SJST080351,chr16.67611442.AC.AAC,Indel,C2_WGS,0.375,CTCF
SJTALL046435,chr16.67621555.CA.CCA,Indel,C2_WGS,0.157894736842105,CTCF
SJTALL046435,chr16.67628481.C.T,SNV,C2_WGS,0.636363636363636,CTCF
SJTLL080724,chr16.67626553.A.G,SNV,C2_WGS,0.475,CTCF
SJTALL073626,chr16.67628481.C.T,SNV,C2_WGS,0.534883720930233,CTCF
SJTALL073623,chr16.67637705.G.A,SNV,C2_WGS,0.205128205128205,CTCF
SJBL085563,chr16.67637721.C.T,SNV,C2_WGS,0.513513513513513,CTCF
SJST080351,chr16.67611442.AC.AAC,Indel,C3_WGS,0.454545454545455,CTCF
SJTALL080724,chr16.67626553.A.G,SNV,C5_WGS,0.475,CTCF
SJTALL046430,chr16.67611442.AC.AAC,Indel,C7_WGS,0.231884057971014,CTCF
SJTALL046430,chr16.67611410.AAG.AG,Indel,C7_WGS,0.209876543209877,CTCF
SJTALL046430,chr16.67612119.C.T,SNV,C7_WGS,0.44,CTCF
SJTALL046430,chr16.67612119.C.T,SNV,C7B_WGS,0.377777777777778,CTCF
SJNHL067335,chr16.67611202.G.T,SNV,C8_WGS,0.1,CTCF
SJEWS011827,chr16.67611442.AC.AAC,Indel,C8_WGS,0.432432432432432,CTCF
SJNHL067335,chr16.67637705.G.A,SNV,C8_WGS,0.1375,CTCF
SJBALL011827,chr16.67611442.AC.AAC,Indel,C10_WGS,0.432432432432432,CTCF
SJNBL050932,chr16.67620734.G.C,SNV,C10_WGS,0.210526315789474,CTCF
SJNHL093200,chr13.40666089.G.A,SNV,C1_WGS,0.388888888888889,FOXO1
SJNHL093200,chr13.40666149.A.G,SNV,C1_WGS,0.321428571428571,FOXO1
SJNHL093200,chr13.40666151.C.A,SNV,C1_WGS,0.678571428571429,FOXO1
SJBL085563,chr13.40666142.G.A,SNV,C1_WGS,0.566666666666667,FOXO1
SJBL085585,chr13.40666148.G.C,SNV,C1_WGS,0.481481481481481,FOXO1
SJBL085543,chr13.40666149.A.G,SNV,C1_WGS,0.25,FOXO1
SJBL097086,chr13.40666149.A.G,SNV,C1_WGS,0.833333333333333,FOXO1
SJBL085557,chr13.40666152.G.A,SNV,C1_WGS,0.407407407407407,FOXO1
SJHM085552,chr13.40666211.A.T,SNV,C1_WGS,0.666666666666667,FOXO1
SJAML080452,chr13.40560817.C.T,SNV,C2_WGS,0.578947368421053,FOXO1
SJBL085563,chr13.40666142.G.A,SNV,C2_WGS,0.423076923076923,FOXO1
SJBL080478,chr13.40666143.T.C,SNV,C2_WGS,0.369565217391304,FOXO1
SJST092764,chr7.116771990.G.T,SNV,C1_WGS,1,MET
SJST092973,chr7.116771990.G.T,SNV,C1_WGS,1,MET
SJST093113,chr7.116699542.A.C,SNV,C1_WGS,0.264705882352941,MET
SJBRCA092832,chr10.121488002.T.C,SNV,C1_WGS,0.65,FGFR2
SJBRCA093317,chr10.121515313.C.T,SNV,C1_WGS,0.307692307692308,FGFR2
SJST092892,chr10.121498520.A.C,SNV,C1_WGS,1,FGFR2
SJST092893,chr10.121520163.G.C,SNV,C1_WGS,0.68,FGFR2
SJST093297,chr10.121520163.G.C,SNV,C1_WGS,0.869565217391304,FGFR2
SJGB093245,chr10.121520163.G.A,SNV,C1_WGS,0.548387096774194,FGFR2
SJBRCA092720,chr10.121551307.G.A,SNV,C1_WGS,0.431818181818182,FGFR2
SJST080351,chr10.121498520.A.C,SNV,C2_WGS,1,FGFR2
SJST080351,chr10.121498520.A.C,SNV,C3_WGS,1,FGFR2
SJNHL092805,chr4.1804372.A.G,SNV,C1_WGS,0.3,FGFR3
SJNHL093240,chr4.1806162.A.G,SNV,C1_WGS,0.5,FGFR3
SJNHL093240,chr4.1806161.GAAGACGA.GGAGACAA,MNV,C1_WGS,1,FGFR3
SJPML064609,chr4.1801841.C.T,SNV,C1_WGS,0.448275862068966,FGFR3
SJNHL093046,chr12.4299932.C.T,SNV,C1_WGS,0.227272727272727,CCND2
SJTALL085558,chr17.50194723.G.A,SNV,C1_WGS,0.236842105263158,COL1A1
SJALL064608,chr1.226064434.A.T,SNV,C1_WGS,0.322033898305085,H3F3A
SJALL080087,chr1.226065675.C.T,SNV,C1_WGS,0.606060606060606,H3F3A
SJBALL080710,chr1.226065733.A.G,SNV,C1_WGS,0.416666666666667,H3F3A
SJHGG085163,chr1.226064434.A.T,SNV,C1_WGS,0.709090909090909,H3F3A
SJHGG085164,chr1.226064434.A.T,SNV,C1_WGS,0.888888888888889,H3F3A
SJHGG085165,chr1.226064434.A.T,SNV,C1_WGS,0.673076923076923,H3F3A
SJHGG085166,chr1.226064434.A.T,SNV,C1_WGS,0.36231884057971,H3F3A
SJHGG085167,chr1.226064434.A.T,SNV,C1_WGS,0.618421052631579,H3F3A
SJOS094066,chr1.226064454.G.T,SNV,C1_WGS,0.5,H3F3A
SJTALL080092,chr1.226064434.A.G,SNV,C1_WGS,0.5,H3F3A
SJHGG096710,chr1.226064434.A.T,SNV,C1_WGS,0.781609195402299,H3F3A
SJHGG096715,chr1.226064434.A.T,SNV,C1_WGS,0.666666666666667,H3F3A
SJHGG096716,chr1.226064434.A.T,SNV,C1_WGS,0.34,H3F3A
SJHGG096731,chr1.226064434.A.T,SNV,C1_WGS,0.7,H3F3A
SJHGG096728,chr1.226064434.A.T,SNV,C1_WGS,0.652173913043478,H3F3A
SJHGG094233,chr1.226064434.A.T,SNV,C1_WGS,0.8625,H3F3A
SJCML085565,chr1.226065675.C.T,SNV,C1_WGS,0.305555555555556,H3F3A
SJALL064608,chr1.226064434.A.T,SNV,C1B_WGS,0.306122448979592,H3F3A
SJBALL080710,chr1.226065733.A.G,SNV,C2_WGS,0,H3F3A
SJHGG085163,chr1.226064434.A.T,SNV,C2_WGS,0.606060606060606,H3F3A
SJHGG085165,chr1.226064434.A.T,SNV,C2_WGS,0.649122807017544,H3F3A
SJGB080437,chr1.226064455.G.T,SNV,C3_WGS,0.435897435897436,H3F3A
SJOS048100,chr1.226064456.GGT.GTTTCT,Indel,C4_WGS,0.894736842105263,H3F3A
SJOS048100,chr1.226064456.GGT.GTTTCT,Indel,C4B_WGS,0.894736842105263,H3F3A
SJOS048100,chr1.226064456.GGT.GTTTCT,Indel,C5_WGS,0.657894736842105,H3F3A
SJBRCA092722,chr17.60663082.TTA.TA,Indel,C1_WGS,0.178571428571429,PPM1D
SJCOAD092746,chr17.60663082.TTA.TA,Indel,C1_WGS,0.27906976744186,PPM1D
SJCOAD092773,chr17.60648023.A.C,SNV,C1_WGS,0.541666666666667,PPM1D
SJCOAD092866,chr17.60663312.T.G,SNV,C1_WGS,0.571428571428571,PPM1D
SJHGG085163,chr17.60663016.CCA.CA,Indel,C1_WGS,1,PPM1D
SJMEL092661,chr17.60633950.C.T,SNV,C1_WGS,0.480769230769231,PPM1D
SJMEL093233,chr17.60623578.T.C,SNV,C1_WGS,0.212121212121212,PPM1D
SJNKCLL064621,chr17.60663441.CTCACAGCGAAAGAACTCTGTTAAA.CA,Indel,C1_WGS,0.520833333333333,PPM1D
SJOS080749,chr17.60600556.C.T,SNV,C1_WGS,0.5,PPM1D
SJSCLC092916,chr17.60656605.C.T,SNV,C1_WGS,0.833333333333333,PPM1D
SJST092740,chr17.60656801.G.A,SNV,C1_WGS,0.235294117647059,PPM1D
SJST092976,chr17.60663404.G.T,SNV,C1_WGS,0.236842105263158,PPM1D
SJST093006,chr17.60656756.A.G,SNV,C1_WGS,0.242424242424242,PPM1D
SJST093154,chr17.60656600.G.A,SNV,C1_WGS,0.333333333333333,PPM1D
SJCOAD092671,chr17.60663268.AAT.AT,Indel,C1_WGS,0.421052631578947,PPM1D
SJLUAD092961,chr17.60663269.AT.AAT,Indel,C1_WGS,0.583333333333333,PPM1D
SJGCT085526,chr17.60663103.GCT.GT,Indel,C1_WGS,0.36,PPM1D
SJHGG096731,chr17.60663168.C.A,SNV,C1_WGS,0.654545454545455,PPM1D
SJHGG094233,chr17.60663268.AAT.AT,Indel,C1_WGS,0.759259259259259,PPM1D
SJHGG096715,chr17.60663352.G.T,SNV,C1_WGS,0.483870967741935,PPM1D
SJTALL067335,chr17.60663269.AT.AAT,Indel,C2_WGS,0.324324324324324,PPM1D
SJOS080749,chr17.60600556.C.T,SNV,C2_WGS,0.358490566037736,PPM1D
SJOS048100,chr17.60663106.C.T,SNV,C4_WGS,0.450980392156863,PPM1D
SJOS048100,chr17.60663106.C.T,SNV,C4B_WGS,0.46,PPM1D
SJOS048100,chr17.60663106.C.T,SNV,C5_WGS,0.590361445783133,PPM1D
