gene	ma2018	ma2018_n	ma2018_pct	grobner2018	grobner_n	grobner_pct	in_sjped_panel	oncokb	in_oncokb_cancer_gene_list	oncokb_annotated	sjped_covered_S7B	hotspots_only_n_panels	hotspots_only_panels	hotspots_only_any	fusion_partners	n_partners	fusion_panel_cov	n_s4c_solid_gof	aa_examples_s4c	subtypes_s4c	n_s4d_solid	subtypes_s4d	n_s4e_focal_gain	subtypes_s4e	ped_solid_relevant	gof_relevant	both	looks_tsg	kept	weak_singleton	score	evidence_tags	has_s4_evidence	in_peddep_drivers	gof_panel_signal	tier
BRAF	""	0	0	Y	13	1.35275754422476	Y	Y	Y	Y	Y	2	OncoKids,ThermoFisherOCAv3	Y	KIAA1549,FAM131B,PID1,RNF130,AGK,ANTXR1,EML4,GTF2I,MACF1,MBNL1,NRF1,TAX1BP1,TNS3,TRIM24,AKAP9,JAKMIP2	16	Y	3	V600E	CNS-other,MEL,THY	5	LGG	0		TRUE	TRUE	TRUE	FALSE	TRUE	FALSE	14.5	S4C(3);S4D(5);S7B_hotspots_only(2p);S7D_fusion;S8_Grobner2018	TRUE	TRUE	TRUE	A
MYCN	Y	54	3.17834020011771	Y	4	0.416233090530697	Y	Y	Y	Y	Y	2	OncoKids,ThermoFisherOCAv3	Y		0	""	1	P44L	WT	0		6	MB,NBL,RB	TRUE	TRUE	TRUE	FALSE	TRUE	FALSE	11.5	S4C(1);S4E_GAIN(6);S7B_hotspots_only(2p);S8_Ma2018;S8_Grobner2018	TRUE	TRUE	TRUE	A
CTNNB1	Y	6	0.35314891112419	Y	29	3.01768990634755	Y	Y	Y	Y	Y	2	OncoKids,ThermoFisherOCAv3	Y		0	""	6	S33Y,S37F,S45F,D32N,T41N	CNS-other,Cranio,MB,ST-other,WT	0		0		TRUE	TRUE	TRUE	FALSE	TRUE	FALSE	10.5	S4C(6);S7B_hotspots_only(2p);S8_Ma2018;S8_Grobner2018	TRUE	TRUE	TRUE	A
ALK	Y	33	1.94231901118304	Y	4	0.416233090530697	Y	Y	Y	Y	Y	2	OncoKids,ThermoFisherOCAv3	Y	SPTBN1,PPP1CB,CCDC88A,CLIP1,CLIP2,DCTN1,HIP1,RANBP2,SQSTM1,TPM3,BIRC6,RAB10	12	Y	1	F1174L	NBL	1	THY	0		TRUE	TRUE	TRUE	FALSE	TRUE	FALSE	8.5	S4C(1);S4D(1);S7B_hotspots_only(2p);S7D_fusion;S8_Ma2018;S8_Grobner2018	TRUE	TRUE	TRUE	A
KIT	Y	28	1.64802825191289	Y	5	0.520291363163371	Y	Y	Y	Y	Y	2	OncoKids,ThermoFisherOCAv3	Y		0	""	1	D816Y	CNS-other	0		2	CNS-other,ST-other	TRUE	TRUE	TRUE	FALSE	TRUE	FALSE	7.5	S4C(1);S4E_GAIN(2);S7B_hotspots_only(2p);S8_Ma2018;S8_Grobner2018	TRUE	TRUE	TRUE	A
IDH1	Y	3	0.176574455562095	Y	7	0.72840790842872	Y	Y	Y	Y	Y	2	OncoKids,ThermoFisherOCAv3	Y		0	""	2	R132S,R132H	CNS-other,HGG	0		0		TRUE	TRUE	TRUE	FALSE	TRUE	FALSE	6.5	S4C(2);S7B_hotspots_only(2p);S8_Ma2018;S8_Grobner2018	TRUE	TRUE	TRUE	A
KRAS	Y	124	7.29841082989994	Y	9	0.936524453694068	Y	Y	Y	Y	Y	2	OncoKids,ThermoFisherOCAv3	Y		0	""	2	G12R,G12A	CNS-other,ST-other	0		0		TRUE	TRUE	TRUE	FALSE	TRUE	FALSE	6.5	S4C(2);S7B_hotspots_only(2p);S8_Ma2018;S8_Grobner2018	TRUE	TRUE	TRUE	A
MYC	Y	47	2.76633313713949	Y	8	0.832466181061394	Y	Y	Y	Y	Y	2	OncoKids,ThermoFisherOCAv3	Y		0	""	0			0		2	HGG,MB	TRUE	TRUE	TRUE	FALSE	TRUE	FALSE	6.5	S4E_GAIN(2);S7B_hotspots_only(2p);S8_Ma2018;S8_Grobner2018	TRUE	TRUE	TRUE	A
PIK3CA	Y	7	0.412007062978222	Y	18	1.87304890738813	Y	Y	Y	Y	Y	2	OncoKids,ThermoFisherOCAv3	Y		0	""	2	Q546K,E542K	Cranio,MB	0		0		TRUE	TRUE	TRUE	FALSE	TRUE	FALSE	6.5	S4C(2);S7B_hotspots_only(2p);S8_Ma2018;S8_Grobner2018	TRUE	TRUE	TRUE	A
PTPN11	Y	52	3.06062389640965	Y	5	0.520291363163371	Y	Y	Y	Y	Y	2	OncoKids,ThermoFisherOCAv3	Y		0	""	2	S502T,G503A	HGG,NBL	0		0		TRUE	TRUE	TRUE	FALSE	TRUE	FALSE	6.5	S4C(2);S7B_hotspots_only(2p);S8_Ma2018;S8_Grobner2018	TRUE	TRUE	TRUE	A
ERG	Y	22	1.29487934078869	""	0	0	Y	Y	Y	Y	Y	1	ThermoFisherOCAv3	Y	HNRNPH1,GATA2	2	Y	0			1	EWS	0		TRUE	TRUE	TRUE	FALSE	TRUE	FALSE	5.75	S4D(1);S7B_hotspots_only(1p);S7D_fusion;S8_Ma2018	TRUE	TRUE	TRUE	A
PDGFRA	""	0	0	Y	5	0.520291363163371	Y	Y	Y	Y	Y	2	OncoKids,ThermoFisherOCAv3	Y		0	""	0			0		2	HGG,ST-other	TRUE	TRUE	TRUE	FALSE	TRUE	FALSE	4.5	S4E_GAIN(2);S7B_hotspots_only(2p);S8_Grobner2018	TRUE	TRUE	TRUE	A
SMO	""	0	0	Y	6	0.624349635796045	Y	Y	Y	Y	Y	2	OncoKids,ThermoFisherOCAv3	Y		0	""	1	L412F	MB	0		0		TRUE	TRUE	TRUE	FALSE	TRUE	FALSE	3.5	S4C(1);S7B_hotspots_only(2p);S8_Grobner2018	TRUE	TRUE	TRUE	A
EWSR1	""	0	0	""	0	0	""	""	Y	Y	Y	1	OncoKids	Y	FLI1,ERG,WT1,FEV,ATF1,CREM,ELF5,KLF15	8	Y	0			4	DSRCT,EWS	0		TRUE	TRUE	TRUE	FALSE	TRUE	FALSE	8.25	S4D(4);S7B_hotspots_only(1p);S7D_fusion	TRUE	FALSE	TRUE	B
DDX3X	Y	7	0.412007062978222	Y	22	2.28928199791883	Y	Y	Y	Y	Y	0	""	""		0	""	2	T532M,G325E	MB	0		0		TRUE	TRUE	TRUE	FALSE	TRUE	FALSE	5	S4C(2);S8_Ma2018;S8_Grobner2018	TRUE	TRUE	FALSE	B
CTCF	Y	42	2.47204237786933	""	0	0	Y	Y	Y	Y	Y	0	""	""		0	""	1	D451G	WT	1	MB	0		TRUE	TRUE	TRUE	FALSE	TRUE	FALSE	4.5	S4C(1);S4D(1);S8_Ma2018	TRUE	TRUE	FALSE	B
FOXO1	""	0	0	""	0	0	""	""	Y	Y	Y	0	""	""	MEIS1	1	Y	0			2	RHB	0		TRUE	TRUE	TRUE	FALSE	TRUE	FALSE	4.5	S4D(2);S7D_fusion	TRUE	FALSE	TRUE	B
MET	""	0	0	""	0	0	""	""	Y	Y	Y	2	OncoKids,ThermoFisherOCAv3	Y	HIP1,HNRNPA2B1,KLHL7,PTPRZ1,TSPAN12	5	Y	0			1	ST-other	0		TRUE	TRUE	TRUE	FALSE	TRUE	FALSE	4.5	S4D(1);S7B_hotspots_only(2p);S7D_fusion	TRUE	FALSE	TRUE	B
NTRK3	""	0	0	""	0	0	""	""	Y	Y	Y	2	OncoKids,ThermoFisherOCAv3	Y	ETV6,BTBD1,MYO5A	3	Y	0			1	IFS	0		TRUE	TRUE	TRUE	FALSE	TRUE	FALSE	4.5	S4D(1);S7B_hotspots_only(2p);S7D_fusion	TRUE	FALSE	TRUE	B
NUTM1	""	0	0	""	0	0	""	""	Y	Y	Y	2	OncoKids,ThermoFisherOCAv3	Y	ACIN1,BRD9,CIC	3	Y	0			1	CNS-other	0		TRUE	TRUE	TRUE	FALSE	TRUE	FALSE	4.5	S4D(1);S7B_hotspots_only(2p);S7D_fusion	TRUE	FALSE	TRUE	B
RELA	""	0	0	""	0	0	""	""	""	""	Y	2	OncoKids,ThermoFisherOCAv3	Y		0	""	0			2	EPD	0		TRUE	TRUE	TRUE	FALSE	TRUE	FALSE	4.5	S4D(2);S7B_hotspots_only(2p)	TRUE	FALSE	TRUE	B
ZFTA	""	0	0	""	0	0	""	""	""	""	Y	0	""	""	RELA,MAML2,NCOA2,YAP1	4	Y	0			2	EPD	0		TRUE	TRUE	TRUE	FALSE	TRUE	FALSE	4.5	S4D(2);S7D_fusion	TRUE	FALSE	TRUE	B
FGFR2	""	0	0	""	0	0	""	""	Y	Y	Y	2	OncoKids,ThermoFisherOCAv3	Y	CTNNA3,INA,SHTN1	3	Y	1	P253R	ST-other	0		0		TRUE	TRUE	TRUE	FALSE	TRUE	FALSE	4	S4C(1);S7B_hotspots_only(2p);S7D_fusion	TRUE	FALSE	TRUE	B
FGFR3	""	0	0	""	0	0	""	""	Y	Y	Y	2	OncoKids,ThermoFisherOCAv3	Y	TACC3	1	Y	0			0		1	ST-other	TRUE	TRUE	TRUE	FALSE	TRUE	FALSE	4	S4E_GAIN(1);S7B_hotspots_only(2p);S7D_fusion	TRUE	FALSE	TRUE	B
CCND2	Y	4	0.235432607416127	""	0	0	Y	Y	Y	Y	Y	1	ThermoFisherOCAv3	Y		0	""	0			0		1	MB	TRUE	TRUE	TRUE	FALSE	TRUE	FALSE	3.75	S4E_GAIN(1);S7B_hotspots_only(1p);S8_Ma2018	TRUE	TRUE	FALSE	B
PAX3	""	0	0	""	0	0	""	""	Y	Y	Y	1	OncoKids	Y	FOXO1,NCOA1,NCOA2,INO80D	4	Y	0			1	RHB	0		TRUE	TRUE	TRUE	FALSE	TRUE	FALSE	3.75	S4D(1);S7B_hotspots_only(1p);S7D_fusion	TRUE	FALSE	TRUE	B
PAX7	""	0	0	""	0	0	""	""	Y	Y	Y	1	OncoKids	Y	FOXO1	1	Y	0			1	RHB	0		TRUE	TRUE	TRUE	FALSE	TRUE	FALSE	3.75	S4D(1);S7B_hotspots_only(1p);S7D_fusion	TRUE	FALSE	TRUE	B
YAP1	""	0	0	""	0	0	""	""	Y	Y	Y	1	OncoKids	Y	MAMLD1,FAM118B,MAML2,KDM2B	4	Y	0			1	EPD	0		TRUE	TRUE	TRUE	FALSE	TRUE	FALSE	3.75	S4D(1);S7B_hotspots_only(1p);S7D_fusion	TRUE	FALSE	TRUE	B
FLI1	""	0	0	""	0	0	""	""	Y	Y	Y	0	""	""	HSPA8	1	Y	0			1	EWS	0		TRUE	TRUE	TRUE	FALSE	TRUE	FALSE	3	S4D(1);S7D_fusion	TRUE	FALSE	TRUE	B
COL1A1	""	0	0	Y	2	0.208116545265348	""	Y	""	""	""	0		""		0	""	0			1	ST-other	0		TRUE	TRUE	TRUE	FALSE	TRUE	FALSE	2.5	S4D(1);S8_Grobner2018	TRUE	TRUE	FALSE	B
KIAA1549	""	0	0	""	0	0	""	""	""	""	Y	0	""	""		0	""	0			4	LGG	0		TRUE	TRUE	TRUE	FALSE	TRUE	FALSE	6	S4D(4)	TRUE	FALSE	FALSE	C
SS18	""	0	0	""	0	0	""	""	Y	Y	""	1	OncoKids	Y		0	""	0			2	SS	0		TRUE	TRUE	TRUE	FALSE	TRUE	FALSE	3.75	S4D(2);S7B_hotspots_only(1p)	TRUE	FALSE	FALSE	C
TFE3	""	0	0	""	0	0	""	""	Y	Y	""	1	OncoKids	Y	ASPSCR1	1	""	0			2	ASPS	0		TRUE	TRUE	TRUE	FALSE	TRUE	FALSE	3.75	S4D(2);S7B_hotspots_only(1p)	TRUE	FALSE	FALSE	C
ASPSCR1	""	0	0	""	0	0	""	""	""	""	""	0		""		0	""	0			2	ASPS	0		TRUE	TRUE	TRUE	FALSE	TRUE	FALSE	3	S4D(2)	TRUE	FALSE	FALSE	C
PRKAR2B	""	0	0	""	0	0	""	""	""	""	""	0		""		0	""	0			2	LGG,ST-other	0		TRUE	TRUE	TRUE	FALSE	TRUE	FALSE	3	S4D(2)	TRUE	FALSE	FALSE	C
SSX1	""	0	0	""	0	0	""	""	""	""	""	0		""	SS18	1	""	0			2	SS	0		TRUE	TRUE	TRUE	FALSE	TRUE	FALSE	3	S4D(2)	TRUE	FALSE	FALSE	C
GLI2	""	0	0	""	0	0	""	""	""	""	Y	1	OncoKids	Y		0	""	0			0		2	MB	TRUE	TRUE	TRUE	FALSE	TRUE	FALSE	2.75	S4E_GAIN(2);S7B_hotspots_only(1p)	TRUE	FALSE	FALSE	C
MAMLD1	""	0	0	""	0	0	""	""	""	""	""	1	OncoKids	Y		0	""	0			1	EPD	0		TRUE	TRUE	TRUE	FALSE	TRUE	FALSE	2.25	S4D(1);S7B_hotspots_only(1p)	TRUE	FALSE	FALSE	C
USP6	""	0	0	""	0	0	""	""	Y	""	""	1	OncoKids	Y		0	""	0			1	ST-other	0		TRUE	TRUE	TRUE	FALSE	TRUE	FALSE	2.25	S4D(1);S7B_hotspots_only(1p)	TRUE	FALSE	FALSE	C
H3F3A	""	0	0	""	0	0	""	""	""	""	""	0		""		0	""	2	K28M	HGG	0		0		TRUE	TRUE	TRUE	FALSE	TRUE	FALSE	2	S4C(2)	TRUE	FALSE	FALSE	C
GLI1	""	0	0	""	0	0	""	""	Y	Y	Y	1	OncoKids	Y		0	""	0			0		1	HGG	TRUE	TRUE	TRUE	FALSE	TRUE	FALSE	1.75	S4E_GAIN(1);S7B_hotspots_only(1p)	TRUE	FALSE	FALSE	C
PPM1D	""	0	0	""	0	0	""	""	Y	Y	Y	1	OncoKids	Y		0	""	0			0		1	MB	TRUE	TRUE	TRUE	FALSE	TRUE	FALSE	1.75	S4E_GAIN(1);S7B_hotspots_only(1p)	TRUE	FALSE	FALSE	C
