gene_symbol	HGVSp_Short	n_pids	n_rows	example_PIDs
ACVR1	p.R206H	3	3	SJHGG085163;SJHGG096710;SJHGG094233
ACVR1	p.G264S	1	1	SJCML097213
ACVR1	p.R206C	1	1	SJTALL074692
AKT1	p.E17K	2	2	SJBLCA093001;SJST092787
AKT1	p.P51L	1	1	SJST080471
AKT1	p.E49K	1	1	SJBLCA093001
AKT1	p.E40K	1	1	SJST092743
ALK	p.F1174L	6	9	SJNBL080413;SJNBL096705;SJNBL096711
ALK	p.R1275Q	4	7	SJNBL092606;SJNBL046419;SJNBL096698
ALK	p.F1245V	1	1	SJNBL080792
ALK	p.R395C	1	1	SJST093093
BRAF	p.V600E	50	51	SJBRCA093323;SJBT092582;SJCOAD092776
BRAF	p.VK600DK	2	2	SJMEL093207;SJMEL093346
BRAF	p.A728V	1	1	SJTALL046430
BRAF	p.R682W	1	1	SJST094235
BRAF	p.S607T	1	1	SJBRCA092877
BRAF	p.TV599TK	1	1	SJMEL092784
BRAF	p.L597R	1	1	SJPRAD092693
BRAF	p.L597V	1	1	SJLUAD092945
BRAF	p.G596R	1	1	SJCOAD092967
BRAF	p.N581K	1	1	SJMEL092763
BRAF	p.K483E	1	1	SJHGG094233
BRAF	p.GT469VI	1	1	SJST092755
BRAF	p.G469V	1	1	SJST092755
BRAF	p.G466V	1	1	SJLUAD092930
BRAF	p.G464V	1	1	SJBRCA092876
BRAF	p.G464E	1	1	SJST092750
BRAF	p.R354Q	1	1	SJCOAD092773
CTNNB1	p.G34V	3	4	SJSS092604;SJST093113;SJHB085598
CTNNB1	p.T41A	3	3	SJCOAD092671;SJCOAD093104;SJST093158
CTNNB1	p.SG33SL	2	2	SJSS092604;SJOS092604
CTNNB1	p.S37P	2	2	SJST093092;SJST092752
CTNNB1	p.S45F	2	2	SJCOAD092865;SJLUSC092731
CTNNB1	p.D6G	1	1	SJSCLC080460
CTNNB1	p.D11G	1	1	SJTALL068308
CTNNB1	p.Q26R	1	1	SJST093187
CTNNB1	p.D32N	1	1	SJST092806
CTNNB1	p.D32V	1	1	SJST092742
CTNNB1	p.S33Y	1	1	SJCOAD093136
CTNNB1	p.G34E	1	1	SJST092708
CTNNB1	p.H36P	1	1	SJST093171
CTNNB1	p.S37A	1	1	SJST093251
CTNNB1	p.S37F	1	1	SJST092783
CTNNB1	p.S45C	1	1	SJST093316
EGFR	p.L858R	2	2	SJLUAD092941;SJLUAD093267
EGFR	p.R108K	1	1	SJNHL092638
EGFR	p.A289V	1	1	SJBT093058
EGFR	p.G598V	1	1	SJGB092997
EGFR	p.G719S	1	1	SJCOAD093136
EGFR	p.T751I	1	1	SJNHL093046
EGFR	p.S768I	1	1	SJST093006
EGFR	p.T790M	1	1	SJLUAD092941
FGFR4	p.A564S	2	2	SJNBL095911;SJNBL097687
FLT3	p.G831E	3	3	SJNHL092623;SJTALL077295;SJTALL080704
FLT3	p.E964G	2	2	SJAML096745;SJAML066167
FLT3	p.D839N	1	2	SJBALL080078
FLT3	p.D835H	1	2	SJBALL080710
FLT3	p.A680V	1	1	SJAML083040
FLT3	p.Y599F	1	1	SJAML062806
FLT3	p.Q338P	1	1	SJBALL096733
H3F3A	p.K28M	12	15	SJALL064608;SJHGG085163;SJHGG085164
H3F3A	p.R50C	2	2	SJALL080087;SJCML085565
H3F3A	p.K28R	1	1	SJTALL080092
H3F3A	p.G35W	1	1	SJOS094066
H3F3A	p.G35V	1	1	SJGB080437
H3F3A	p.Q69R	1	2	SJBALL080710
HIST1H3B	p.E51K	1	1	SJNHL092843
HIST1H3B	p.K28M	1	1	SJNHL092688
HIST1H3C	p.K28M	1	1	SJALL067322
HRAS	p.Q61L	2	2	SJLUSC092996;SJST080471
HRAS	p.G13S	2	2	SJBALL077302;SJST092713
HRAS	p.G12V	2	2	SJBLCA093235;SJBLCA093274
HRAS	p.A134S	1	1	SJTALL074691
HRAS	p.R123H	1	1	SJTALL073622
HRAS	p.F82L	1	2	SJST080351
HRAS	p.G75R	1	1	SJTALL068305
HRAS	p.R73C	1	1	SJST093087
HRAS	p.Q61H	1	1	SJST093050
HRAS	p.Q61K	1	2	SJRHB092566
HRAS	p.G13R	1	1	SJRHB096732
HRAS	p.G12D	1	1	SJBRCA093283
IDH1	p.R132H	1	1	SJNKCLL064621
IDH1	p.R132C	1	1	SJSTS092772
KIT	p.R177H	2	2	SJTALL073623;SJNHL067335
KIT	p.N822K	2	6	SJAML080079;SJAML080365
KIT	p.Q515K	1	1	SJNBL083051
KIT	p.L576P	1	1	SJMEL093203
KIT	p.D816V	1	1	SJAML066169
KRAS	p.G12D	38	39	SJALL075982;SJBALL077297;SJBALL092592
KRAS	p.G12V	29	29	SJBRCA092754;SJCOAD093071;SJCOAD093137
KRAS	p.G12C	18	18	SJLUAD092737;SJLUAD092921;SJLUAD092932
KRAS	p.G13D	10	10	SJBALL060370;SJBRCA092876;SJCOAD092746
KRAS	p.G12R	7	7	SJBALL080707;SJLUSC092928;SJST093035
KRAS	p.Q61H	5	8	SJST092966;SJOS080407;SJAML077033
KRAS	p.G12A	5	6	SJLUAD093039;SJMM076230;SJNHL076230
KRAS	p.A146T	3	3	SJALL075987;SJAML068300;SJBALL068301
KRAS	p.G12S	3	3	SJBALL060369;SJLUAD074474;SJNHL092820
KRAS	p.A146P	2	2	SJAML075984;SJNORM093044
KRAS	p.Q61L	2	2	SJCOAD093144;SJLUAD092975
KRAS	p.L23R	2	3	SJALL064607;SJALL062803
KRAS	p.A146V	1	1	SJAML077106
KRAS	p.K117N	1	2	SJHM080405
KRAS	p.Q61R	1	1	SJST092830
KRAS	p.GQ60GK	1	1	SJLUAD093326
KRAS	p.Q61K	1	1	SJLUAD093326
KRAS	p.A59G	1	1	SJST093189
KRAS	p.A59T	1	2	SJOS080410
KRAS	p.I36M	1	1	SJMPAL047180
KRAS	p.A18D	1	2	SJPML064609
KRAS	p.V14L	1	1	SJBALL077302
KRAS	p.V14I	1	1	SJBALL097444
KRAS	p.G13C	1	1	SJLUAD092920
KRAS	p.AG11AF	1	1	SJLUAD092958
KRAS	p.V9I	1	1	SJNHL092812
MTOR	p.S2215F	3	3	SJAML062810;SJEWS011827;SJBALL011827
MTOR	p.W1456R	2	2	SJBALL020016;SJNBL080413
MTOR	p.M255I	2	2	SJNBL080355;SJST080355
MTOR	p.L2427R	1	1	SJBL097318
MTOR	p.T2232I	1	1	SJHL064615
MTOR	p.S2215Y	1	1	SJALL064611
MTOR	p.K1981E	1	1	SJST092893
MTOR	p.T1977I	1	2	SJTALL080088
MTOR	p.Y1974H	1	1	SJST092813
MTOR	p.T1948M	1	1	SJCOAD092849
MTOR	p.V1801G	1	1	SJLUAD092970
MTOR	p.E1799K	1	1	SJST093102
MTOR	p.C1483Y	1	1	SJTALL071491
MYC	p.E54D	3	4	SJBL073624;SJNHL073624;SJBL085567
MYC	p.T73I	3	4	SJBL073624;SJNHL073624;SJNHL092573
MYC	p.V7M	2	2	SJBL085540;SJBL085585
MYC	p.P17S	2	3	SJBL073624;SJNHL073624
MYC	p.V20A	2	3	SJBL085563;SJBL073624
MYC	p.S21T	2	3	SJBL073624;SJNHL073624
MYC	p.A59V	2	3	SJBL073624;SJNHL073624
MYC	p.P60T	2	2	SJAMLM083676;SJAML011230
MYC	p.P72T	2	2	SJBALL092620;SJBL097318
MYC	p.T73A	2	2	SJBL085540;SJBL085585
MYC	p.TP73IP	2	2	SJBL073624;SJNHL073624
MYC	p.P75A	2	2	SJNHL093200;SJHM085552
MYC	p.L97F	2	3	SJBLCA077104;SJBLCA093047
MYC	p.G123E	2	2	SJSCLC092977;SJST080358
MYC	p.VSF20ASV	1	1	SJBL085563
MYC	p.T23S	1	1	SJBL097318
MYC	p.R25T	1	1	SJBALL083049
MYC	p.Y27S	1	1	SJBL085543
MYC	p.E43D	1	1	SJNHL092706
MYC	p.N45S	1	1	SJPRAD092854
MYC	p.Q51L	1	1	SJBL097318
MYC	p.E69K	1	1	SJLUAD092945
MYC	p.P72S	1	1	SJBL097086
MYC	p.PT72HI	1	1	SJNHL092573
MYC	p.P74S	1	1	SJBL085563
MYC	p.P74Q	1	2	SJAML080079
MYC	p.P74L	1	1	SJAML077106
MYC	p.S77P	1	1	SJBALL077301
MYC	p.V92I	1	1	SJST093141
MYC	p.T93R	1	1	SJNHL092812
MYC	p.T110P	1	1	SJBL097318
MYC	p.I144V	1	1	SJCOAD092849
MYC	p.GF152DS	1	2	SJBL085539
MYC	p.L164V	1	1	SJBL085567
MYC	p.S189T	1	1	SJLUAD092834
MYC	p.Y192H	1	1	SJBALL092620
MYC	p.L193V	1	1	SJNHL073624
MYC	p.Q194H	1	1	SJBALL092620
MYC	p.A198V	1	1	SJBL097318
MYC	p.S201P	1	1	SJST093050
MYC	p.S218N	1	1	SJDLBCL093166
MYC	p.LV253LL	1	1	SJST093151
MYC	p.V254L	1	1	SJST093151
MYC	p.S264R	1	1	SJBL085563
MYC	p.S264N	1	1	SJHL093215
MYC	p.S267C	1	1	SJBALL092620
MYCN	p.P44L	2	2	SJNHL068303;SJTALL068303
NRAS	p.Q61K	25	33	SJAMLM7011231;SJBT093241;SJHCC093103
NRAS	p.G12D	16	18	SJALL064608;SJALL075989;SJALL077035
NRAS	p.Q61L	10	13	SJALL062805;SJAML077102;SJAML080096
NRAS	p.Q61R	8	8	SJBLCA093001;SJHGG085169;SJMB080409
NRAS	p.G12C	6	7	SJALL080087;SJBALL068301;SJTALL073622
NRAS	p.Q61H	5	8	SJALL075986;SJRHB092562;SJAML046462
NRAS	p.G13D	5	5	SJALL075988;SJBALL077299;SJNHL092812
NRAS	p.G12S	5	6	SJALL003037;SJBALL077298;SJTALL073626
NRAS	p.A146T	2	3	SJBALL020016;SJNBL080413
NRAS	p.Q61P	2	2	SJAML096745;SJAML066167
NRAS	p.G13V	2	3	SJAML083031;SJAML080732
NRAS	p.G12V	2	2	SJALL077038;SJTALL085566
NRAS	p.A91V	1	1	SJCOAD092773
NRAS	p.GQ60GK	1	1	SJMEL093077
NRAS	p.AGQ59AGK	1	1	SJLUAD092945
NRAS	p.G12A	1	1	SJALL075985
PDGFRA	p.R822H	2	2	SJBALL077301;SJCOAD092773
PDGFRA	p.R383H	1	1	SJBL080478
PDGFRA	p.RNVL822HNVL	1	1	SJCOAD092773
PIK3CA	p.H1047R	22	22	SJBLCA093279;SJBRCA092642;SJBRCA092725
PIK3CA	p.E545K	16	16	SJBLCA093149;SJBRCA092726;SJBRCA093236
PIK3CA	p.E542K	12	14	SJBLCA093201;SJBRCA092648;SJBRCA092658
PIK3CA	p.R88Q	7	8	SJCOAD092773;SJST092795;SJST093087
PIK3CA	p.C420R	4	4	SJBRCA093271;SJCOAD092671;SJST093188
PIK3CA	p.E545D	4	5	SJTALL073623;SJTALL080085;SJTALL067335
PIK3CA	p.E970K	4	5	SJTALL073623;SJTALL080085;SJTALL067335
PIK3CA	p.H1047L	3	3	SJBRCA092832;SJCOAD092849;SJST092995
PIK3CA	p.R38C	2	2	SJST092786;SJGB092988
PIK3CA	p.E39K	2	2	SJHGG096710;SJHGG094233
PIK3CA	p.P539R	2	2	SJBRCA092642;SJST092892
PIK3CA	p.G1007R	2	2	SJHGG096710;SJHGG094233
PIK3CA	p.P104R	1	1	SJST093113
PIK3CA	p.K111R	1	1	SJSCLC092916
PIK3CA	p.K111N	1	1	SJBRCA010843
PIK3CA	p.G118D	1	1	SJLUAD092941
PIK3CA	p.V344M	1	1	SJTALL080088
PIK3CA	p.N345S	1	1	SJGB093314
PIK3CA	p.E365K	1	1	SJST092704
PIK3CA	p.P449T	1	1	SJCOAD092776
PIK3CA	p.E453K	1	1	SJST092708
PIK3CA	p.E545Q	1	1	SJHGG096716
PIK3CA	p.E545A	1	1	SJST092708
PIK3CA	p.Q546R	1	1	SJPRAD092693
PIK3CA	p.D549N	1	1	SJCOAD092747
PIK3CA	p.R693H	1	1	SJTALL071491
PIK3CA	p.D725G	1	1	SJCOAD093117
PIK3CA	p.E726K	1	1	SJLUSC077101
PIK3CA	p.G914R	1	1	SJCOAD093136
PIK3CA	p.T1025A	1	1	SJST092861
PIK3CA	p.M1043I	1	1	SJST092741
PIK3CA	p.H1047Y	1	1	SJST093297
PIK3CA	p.G1049R	1	1	SJST092740
PTPN11	p.G60R	2	3	SJAML080705;SJAML093353
PTPN11	p.D61V	2	2	SJAML066169;SJTALL068302
PTPN11	p.T468M	2	3	SJAML066168;SJCML096691
PTPN11	p.S502P	2	2	SJBALL077298;SJBALL069444
PTPN11	p.S502L	2	2	SJNHL092820;SJST093113
PTPN11	p.Y62H	1	1	SJST092786
PTPN11	p.E69K	1	1	SJMPNST096709
PTPN11	p.F71L	1	3	SJAML077033
PTPN11	p.A72S	1	1	SJGB093011
PTPN11	p.A72D	1	1	SJEWS092602
PTPN11	p.A72V	1	2	SJAML066168
PTPN11	p.E76G	1	1	SJSCLC092946
PTPN11	p.S142N	1	1	SJST092892
PTPN11	p.Q510H	1	1	SJCOAD092773
PTPN11	p.R512P	1	1	SJBRCA092832
SMO	p.T640A	1	1	SJCOAD092747
