PRC_id	CompoundName	GeneSymbolOfTargets	TargetOrMechanism	median_mut	median_wt	delta_mut_minus_wt	p_wilcox	n_mut	n_wt	mutated_gene	drug_targets_mutated_gene	collateral	fdr_within_gene	rank_within_gene
PRC-000193699-614-01	POZIOTINIB	EGFR;ERBB2;ERBB4	inhibitor of EGFR, ERBB2, and ERBB4	3.20342650381492e-16	-0.167708926590832	0.167708926590832	0.0144752218222039	4	870	AKT1	FALSE	TRUE	0.70000199854993	1
PRC-004035122-399-79	TNG260	HDAC1	inhibitor of the CoREST complex via HDAC1	-0.732162752004653	-0.466452723956793	-0.26571002804786	0.0223616171934798	4	901	AKT1	FALSE	TRUE	0.70000199854993	2
PRC-004012024-396-78	CYTARABINE	N/A	pyrimidine nucleoside analog; inducer of DNA damage	-1.49607446467256	-1.13676665814019	-0.35930780653237	0.0247150490187272	4	901	AKT1	FALSE	TRUE	0.70000199854993	3
PRC-006292419-339-81	MEZIGDOMIDE	IKZF1;IKZF2;IKZF3;CRBN	CRBN-based degrader of Ikaros (IKZF1), Helios (IKZF2), and Aiolos (IKZF3)	-0.158560031748525	-0.353527629591829	0.194967597843304	0.0255092115029725	4	861	AKT1	FALSE	TRUE	0.70000199854993	4
PRC-001104905-783-58	BATOPROTAFIB	PTPN11	allosteric inhibitor of SHP2 (PTPN11)	-0.0616643582214439	-0.215927708272534	0.15426335005109	0.0296490015130563	4	884	AKT1	FALSE	TRUE	0.70000199854993	5
PRC-003389681-184-91	MRT-2359	GSPT1;CRBN	CRBN-based degrader of GSPT1	-0.40513402585284	-0.859387091346781	0.454253065493942	0.0303248478749158	4	870	AKT1	FALSE	TRUE	0.70000199854993	6
PRC-004919161-163-34	ACBI2	SMARCA2;VHL	VHL-based PROTAC degrader of SMARCA2	-0.749644950985888	-0.365123883762597	-0.384521067223291	0.0358104133360676	4	899	AKT1	FALSE	TRUE	0.70000199854993	7
PRC-004232603-001-74	NAVLIMETOSTAT	PRMT5	MTA-cooperative inhibitor of PRMT5	-0.379913824412329	-0.210469747597684	-0.169444076814645	0.0593559142735024	4	889	AKT1	FALSE	TRUE	0.70000199854993	8
PRC-004557685-542-34	RUXOLITINIB	JAK1;JAK2	inhibitor of JAK1 and JAK2	-0.105032287015713	-0.018294273871247	-0.086738013144466	0.059472616081043	4	865	AKT1	FALSE	TRUE	0.70000199854993	9
PRC-005639681-794-27	VEPDEGESTRANT	ESR1;CRBN	CRBN-based PROTAC degrader of ESR1	-0.0548065250769825	-0.0979131212432665	0.043106596166284	0.0611661376546427	4	869	AKT1	FALSE	TRUE	0.70000199854993	10
PRC-007373790-329-43	STIRIPENTOL	LDHA;LDHB	anticonvulsant and inhibitor of LDHA and LDHB	-0.00424807397034876	-0.0153160388956712	0.0110679649253224	0.0969121364252173	4	824	AKT1	FALSE	TRUE	0.70000199854993	11
PRC-001595985-435-70	GEMCITABINE	N/A	inhibitor of DNA replication	-1.08456275042412	-0.929025113250386	-0.155537637173734	0.0982376336873854	4	901	AKT1	FALSE	TRUE	0.70000199854993	12
PRC-003695725-552-65	SN38	TOP1	inhibitor of TOP1	-1.39594910792584	-1.00111909409032	-0.39483001383552	0.101637940863245	4	890	AKT1	FALSE	TRUE	0.70000199854993	13
PRC-002497972-237-44	SAFIMALTIB	MALT1	allosteric inhibitor of MALT1	-0.104931133777515	-0.0402153784538235	-0.0647157553236913	0.101682971959743	4	846	AKT1	FALSE	TRUE	0.70000199854993	14
PRC-001211663-958-43	XL177A	USP7	inhibitor of USP7	-0.323844152921025	-0.228569765705467	-0.095274387215558	0.10938657253032	4	894	AKT1	FALSE	TRUE	0.70000199854993	15
PRC-000439038-477-25	LADUVIGLUSIB	GSK3A;GSK3B	inhibitor of GSK3A and GSK3B	-0.0858810800329547	-0.0168201816122196	-0.0690608984207352	0.114237559405461	4	866	AKT1	FALSE	TRUE	0.70000199854993	16
PRC-007622392-539-41	ALV1	IKZF1;IKZF2;IKZF3;IKZF4;CRBN	CRBN-based molecular glue degrader of Ikaros (IKZF1), Helios (IKZF2), Aiolos (IKZF3), and Eos (IKZF4)	-0.0364645328182157	-0.14349628028415	0.107031747465934	0.121742339897226	4	855	AKT1	FALSE	TRUE	0.70000199854993	17
PRC-008073079-110-13	MEVROMETOSTAT	EZH2	inhibitor of EZH2	-0.23311891987861	-0.0626020824758958	-0.170516837402714	0.122894161639184	4	870	AKT1	FALSE	TRUE	0.70000199854993	18
PRC-009974538-803-02	ML291	N/A	inducer of the unfolded protein response	-1.19588605464593	-0.865859710476654	-0.330026344169276	0.123847706452403	3	861	AKT1	FALSE	TRUE	0.70000199854993	19
PRC-000606818-645-04	TASELISIB	PIK3CA;PIK3CD;PIK3CG	inhibitor of PIK3CA, PIK3CD, PIK3CG	-0.563804399855155	-0.750898060332669	0.187093660477515	0.126384928961391	4	891	AKT1	FALSE	TRUE	0.70000199854993	20
PRC-001330159-692-06	HRO761	WRN	inhibitor of WRN	-0.0105559547613758	-0.0536109872497614	0.0430550324883856	0.131540265461503	4	857	AKT1	FALSE	TRUE	0.70000199854993	21
PRC-002612516-174-08	TALABOSTAT	DPP4;FAP	inhibitor of dipeptidyl peptidases including DPP4 and FAP	-0.16623786634361	-0.0537481706890434	-0.112489695654567	0.132297626334461	4	813	AKT1	FALSE	TRUE	0.70000199854993	22
PRC-009316793-414-27	ABEMACICLIB	CDK4;CDK6	inhibitor of CDK4 and CDK6	-1.51895852899169	-1.25805586885125	-0.260902660140435	0.143575530392665	4	891	AKT1	FALSE	TRUE	0.70000199854993	23
PRC-004647955-452-87	INAVOLISIB	PIK3CA	inhibitor of PIK3CA	-0.234563749960487	-0.317896889703796	0.083333139743309	0.147958565914778	4	893	AKT1	FALSE	TRUE	0.70000199854993	24
PRC-006596246-667-35	PF-06380101	TUBB;TUBB1;TUBB2A;TUBB2B;TUBB3;TUBB4A;TUBB4B;TUBB6;TUBB8	inhibitor of tubulin polymerization	-1.38088940051548	-0.999482918034087	-0.381406482481389	0.154343128810548	4	870	AKT1	FALSE	TRUE	0.70000199854993	25
PRC-006454296-704-59	GOLCADOMIDE	IKZF1;IKZF3;CRBN	CRBN-based degrader of Ikaros (IKZF1) and Aiolos (IKZF3)	-0.0362219650673661	-0.2824096233231	0.246187658255734	0.0204259285393596	3	856	ALK	FALSE	TRUE	0.685683433730491	1
PRC-001211663-958-43	XL177A	USP7	inhibitor of USP7	-0.468727093321953	-0.228776163619789	-0.239950929702164	0.0428796090918027	3	895	ALK	FALSE	TRUE	0.685683433730491	2
PRC-000606818-645-04	TASELISIB	PIK3CA;PIK3CD;PIK3CG	inhibitor of PIK3CA, PIK3CD, PIK3CG	-0.323965561133237	-0.75075893529088	0.426793374157642	0.0600647645888468	3	892	ALK	FALSE	TRUE	0.685683433730491	3
PRC-002270321-114-90	GNE-049	EP300;CREBBP	inhibitor of p300/CBP (EP300/CREBBP) bromodomain activity	0	-0.1775929242307	0.1775929242307	0.0623425582555619	3	867	ALK	FALSE	TRUE	0.685683433730491	4
PRC-000264179-435-09	CALCITRIOL	VDR	agonist of VDR	0	-0.189294569689244	0.189294569689244	0.0666142608286762	3	894	ALK	FALSE	TRUE	0.685683433730491	5
PRC-006596246-667-35	PF-06380101	TUBB;TUBB1;TUBB2A;TUBB2B;TUBB3;TUBB4A;TUBB4B;TUBB6;TUBB8	inhibitor of tubulin polymerization	-0.765674250558807	-1.00069982945111	0.235025578892303	0.0685596515426867	3	871	ALK	FALSE	TRUE	0.685683433730491	6
PRC-000365739-451-14	CAPIVASERTIB	AKT1;AKT2;AKT3	inhibitor of AKT1, AKT2, and AKT3	-0.0258829244366832	-0.252607562764912	0.226724638328229	0.0694841361390323	3	880	ALK	FALSE	TRUE	0.685683433730491	7
PRC-009834616-136-73	DEXAMETHASONE	NR3C1	agonist of GR (NR3C1); corticosteroid	-0.0299000168346415	-0.151230834601612	0.12133081776697	0.0745767085092955	3	875	ALK	FALSE	TRUE	0.685683433730491	8
PRC-009105577-200-27	PEVONEDISTAT	NAE1	inhibitor of NAE1	-0.966785003873026	-0.689874366277784	-0.276910637595242	0.08040750312157	3	892	ALK	FALSE	TRUE	0.685683433730491	9
PRC-003045678-009-13	LIRAFUGRATINIB	FGFR2	inhibitor of FGFR2	0	-0.10951819974485	0.10951819974485	0.0811206886105255	3	897	ALK	FALSE	TRUE	0.685683433730491	10
PRC-008831813-672-71	TEMOZOLOMIDE	N/A	DNA alkylating agent	-0.0034033851186344	-0.13806885501779	0.134665469899156	0.0826831431474254	3	893	ALK	FALSE	TRUE	0.685683433730491	11
PRC-009316793-414-27	ABEMACICLIB	CDK4;CDK6	inhibitor of CDK4 and CDK6	-1.78668826320864	-1.25962970461758	-0.52705855859106	0.0835535873351911	3	892	ALK	FALSE	TRUE	0.685683433730491	12
PRC-004112106-523-38	COBIMETINIB	MAP2K1	inhibitor of MEK1 (MAP2K1)	-0.467625942884186	-0.751663924107368	0.284037981223182	0.0925736678198812	3	891	ALK	FALSE	TRUE	0.685683433730491	13
PRC-008276764-801-52	POMALIDOMIDE	IKZF1;IKZF3;CRBN	CRBN-based degrader of Ikaros (IKZF1) and Aiolos (IKZF3)	0	-0.0986109331545017	0.0986109331545017	0.09294435781713	3	851	ALK	FALSE	TRUE	0.685683433730491	14
PRC-008940758-631-47	CABAZITAXEL	TUBB;TUBB1;TUBB2A;TUBB2B;TUBB3;TUBB4A;TUBB4B;TUBB6;TUBB8	microtubule stabilizing agent	-0.856161299507485	-0.746416728635724	-0.109744570871761	0.0982652651822044	3	872	ALK	FALSE	TRUE	0.685683433730491	15
PRC-000138952-315-53	BIIB091	BTK	inhibitor of BTK	-0.013364921357943	-0.0692782596348201	0.0559133382768771	0.0988372517088996	3	840	ALK	FALSE	TRUE	0.685683433730491	16
PRC-000800973-547-49	A-1331852	BCL2L1	inhibitor of BCL-xL (BCL2L1)	-0.411900575471173	-0.899950685945284	0.488050110474111	0.121867161057553	3	892	ALK	FALSE	TRUE	0.695478493123465	17
PRC-004557685-542-34	RUXOLITINIB	JAK1;JAK2	inhibitor of JAK1 and JAK2	0	-0.0194128433345261	0.0194128433345261	0.122289989816687	3	866	ALK	FALSE	TRUE	0.695478493123465	18
PRC-004035122-399-79	TNG260	HDAC1	inhibitor of the CoREST complex via HDAC1	-0.762005115990272	-0.466476188900246	-0.295528927090027	0.135052116371371	3	902	ALK	FALSE	TRUE	0.695478493123465	19
PRC-006986482-193-87	IMATINIB	ABL1;PDGFRA;KIT	inhibitor of ABL1, PDGFRA, and KIT	-0.0114186056212405	-0.109635559475961	0.0982169538547205	0.138910673225611	3	881	ALK	FALSE	TRUE	0.695478493123465	20
PRC-001096805-026-81	DT2216	BCL2L1;VHL	VHL-based degrader of BCL-xL (BCL2L1)	-0.0514553693254654	-0.233077256973048	0.181621887647582	0.151854252689229	3	862	ALK	FALSE	TRUE	0.695478493123465	21
PRC-003061009-751-84	SOVILNESIB	KIF18A	inhibitor of KIF18A	-0.413657136925054	-0.60864111393627	0.194983977011216	0.158777094081841	3	890	ALK	FALSE	TRUE	0.695478493123465	22
PRC-006230614-462-44	(R)-CR8	CDK12;CCNK;DDB1	degrader of CCNK via CDK12 and DDB1	-1.22901759844298	-0.997072009210495	-0.231945589232485	0.158991794204003	3	872	ALK	FALSE	TRUE	0.695478493123465	23
PRC-000053670-256-26	YO-01027	PSEN1	inhibitor of PSEN1 component of the gamma-secretase complex	-0.212621655274963	-0.12428894331647	-0.088332711958493	0.162374376974351	3	893	ALK	FALSE	TRUE	0.695478493123465	24
PRC-007795693-378-55	GILTERITINIB	FLT3;AXL	inhibitor of FLT3 and AXL	-0.662033955747314	-0.472853099502142	-0.189180856245173	0.176094155974182	3	902	ALK	FALSE	TRUE	0.695478493123465	25
PRC-008717476-705-91	DARAXONRASIB	KRAS;NRAS;HRAS;PPIA	reversible tri-complex inhibitor of active-state KRAS, NRAS and HRAS	-0.189028317662745	-0.592247322203955	0.40321900454121	1.43185409912581e-11	40	827	BRAF	FALSE	TRUE	1.09536838583124e-09	1
PRC-004112106-523-38	COBIMETINIB	MAP2K1	inhibitor of MEK1 (MAP2K1)	-1.50647974962902	-0.742776097891763	-0.763703651737257	8.53972157624243e-11	43	851	BRAF	FALSE	TRUE	4.35525800388364e-09	2
PRC-001104905-783-58	BATOPROTAFIB	PTPN11	allosteric inhibitor of SHP2 (PTPN11)	-0.102721824066606	-0.224612308979209	0.121890484912604	7.17970375561187e-06	42	846	BRAF	FALSE	TRUE	0.000183082445768103	3
PRC-004647955-452-87	INAVOLISIB	PIK3CA	inhibitor of PIK3CA	-0.160448893936859	-0.324762152639204	0.164313258702345	1.08341613017765e-05	42	855	BRAF	FALSE	TRUE	0.000215744007997422	4
PRC-000193699-614-01	POZIOTINIB	EGFR;ERBB2;ERBB4	inhibitor of EGFR, ERBB2, and ERBB4	-0.0505833152689825	-0.174612373491957	0.124029058222975	1.12807324443097e-05	41	833	BRAF	FALSE	TRUE	0.000215744007997422	5
PRC-003818984-796-83	MIRANSERTIB	AKT1;AKT2;AKT3	inhibitor of AKT1, AKT2, and AKT3	-0.27277858156268	-0.392956957075296	0.120178375512616	1.67839869838308e-05	40	827	BRAF	FALSE	TRUE	0.000285327778725124	6
PRC-000606818-645-04	TASELISIB	PIK3CA;PIK3CD;PIK3CG	inhibitor of PIK3CA, PIK3CD, PIK3CG	-0.484486154370287	-0.759952100941391	0.275465946571104	6.72083661427308e-05	43	852	BRAF	FALSE	TRUE	0.00102828800198378	7
PRC-004416648-906-20	ZOLDONRASIB	KRAS;PPIA	covalent tri-complex inhibitor of active-state KRAS G12D	-0.0819370966454799	-0.163768689462116	0.0818315928166356	0.000136482608685761	40	820	BRAF	FALSE	TRUE	0.00174015326074346	8
PRC-000102443-981-88	IBRUTINIB	BTK	covalent inhibitor of BTK	-0.0437671705495224	-0.147274585048731	0.103507414499208	0.000151979550775456	42	852	BRAF	FALSE	TRUE	0.00178868240528037	9
PRC-009796388-235-23	BI-1347	CDK8;CDK19	inhibitor of CDK8 and CDK19	-0.254725562499258	-0.439668750820639	0.184943188321381	0.000177198870142852	42	857	BRAF	FALSE	TRUE	0.00190123525668903	10
PRC-005940065-431-37	VOCIPROTAFIB	PTPN11	allosteric inhibitor of SHP2 (PTPN11)	-0.163159022782454	-0.310590954019952	0.147431931237499	0.000186395613400885	40	829	BRAF	FALSE	TRUE	0.00190123525668903	11
PRC-002448985-403-28	ERDAFITINIB	FGFR1;FGFR2;FGFR3;FGFR4	inhibitor of FGFR1, FGFR2, FGFR3, and FGFR4	-0.0184970554026948	-0.088260067311673	0.0697630119089783	0.000256748185633325	42	840	BRAF	FALSE	TRUE	0.00231073367069992	12
PRC-003598607-830-06	BRIGIMADLIN	TP53;MDM2;MDM4	inhibitor of TP53/MDM2/4 interaction	-1.22951547187889	-0.240788374729798	-0.988727097149092	0.000371005180840937	43	857	BRAF	FALSE	TRUE	0.00315354403714797	13
PRC-004557685-542-34	RUXOLITINIB	JAK1;JAK2	inhibitor of JAK1 and JAK2	-0.00374073719239241	-0.0213439589766997	0.0176032217843073	0.00079909725497437	43	826	BRAF	FALSE	TRUE	0.00643483579005677	14
PRC-005695189-328-94	TERSOLISIB	PIK3CA	allosteric mutant-selective inhibitor of PIK3CA including p.H1047R	-0.126604786171834	-0.199133620466247	0.072528834294413	0.00202205387224842	39	822	BRAF	FALSE	TRUE	0.0154687121227005	15
PRC-005488543-013-42	MK-2206	AKT1;AKT2	allosteric inhibitor of AKT1 and AKT2	-0.368096307394777	-0.469402116409818	0.101305809015041	0.00329088925550427	40	827	BRAF	FALSE	TRUE	0.0239764788615311	16
PRC-002414159-053-54	VT104	TEAD1;TEAD3	inhibitor of TEAD1 and TEAD3 palmitoylation	-0.0979247177345428	-0.172842840722826	0.0749181229882832	0.0036231397988805	43	853	BRAF	FALSE	TRUE	0.0251972904194871	17
PRC-003986309-500-30	DOXORUBICIN	TOP2A;TOP2B	inhibitor of TOP2A and TOP2B; DNA intercalator	-1.30239087711474	-1.20324531178265	-0.0991455653320952	0.00413295441295508	43	862	BRAF	FALSE	TRUE	0.0274931315296577	18
PRC-001286860-370-46	PEMETREXED	DHFR;GART;TYMS	inhibitor of DHFR, GART, and TYMS	-0.486991518291874	-0.447590412382342	-0.0394011059095324	0.00623315947819752	41	834	BRAF	FALSE	TRUE	0.0385893689114953	19
PRC-003678988-651-15	ELACESTRANT	ESR1	selective estrogen receptor degrader	-0.340945449646395	-0.264282132438006	-0.076663317208389	0.00630545243651884	41	834	BRAF	FALSE	TRUE	0.0385893689114953	20
PRC-003153850-850-30	TEMUTERKIB	MAPK1;MAPK3	inhibitor of ERK1 (MAPK3) and ERK2 (MAPK1)	-0.304534574528077	-0.251290579600062	-0.0532439949280155	0.00753715680226951	43	852	BRAF	FALSE	TRUE	0.0443532688748937	21
PRC-008342820-955-27	ZOMIRADOMIDE	IRAK4;CRBN	CRBN-based degrader of IRAK4	-0.359683972170884	-0.418434381761997	0.058750409591113	0.0106227882943845	41	834	BRAF	FALSE	TRUE	0.0601958003348456	22
PRC-005674258-038-49	VISTUSERTIB	MTOR	inhibitor of mTOR	-0.906064611943093	-0.986962355487834	0.0808977435447416	0.011307289324088	43	852	BRAF	FALSE	TRUE	0.0617862595209095	23
PRC-003179900-109-59	SELINEXOR	XPO1	inhibitor of XPO1	-0.425945157359559	-0.487712487428581	0.0617673300690215	0.0128132258351045	43	852	BRAF	FALSE	TRUE	0.0663544110441364	24
PRC-009316793-414-27	ABEMACICLIB	CDK4;CDK6	inhibitor of CDK4 and CDK6	-1.36105727848136	-1.25266222784095	-0.10839505064041	0.0130106688321836	43	852	BRAF	FALSE	TRUE	0.0663544110441364	25
PRC-005674258-038-49	VISTUSERTIB	MTOR	inhibitor of mTOR	-0.809641514128027	-0.985566199032266	0.175924684904239	0.00389950557985729	13	882	CTNNB1	FALSE	TRUE	0.410008906341874	1
PRC-002158132-020-46	ADAVOSERTIB	WEE1	inhibitor of WEE1	-0.788314369886227	-0.924546256268297	0.13623188638207	0.00535959354695261	13	882	CTNNB1	FALSE	TRUE	0.410008906341874	2
PRC-001595985-435-70	GEMCITABINE	N/A	inhibitor of DNA replication	-1.03705604950492	-0.928317922093502	-0.108738127411418	0.0182130350588763	14	891	CTNNB1	FALSE	TRUE	0.672959543329615	3
PRC-009430698-041-38	ENCORAFENIB	BRAF	inhibitor of BRAF	0	-0.0338805196625308	0.0338805196625308	0.0226699006332052	13	821	CTNNB1	FALSE	TRUE	0.672959543329615	4
PRC-008877961-715-91	SIROLIMUS	MTOR;FKBP1A	inhibitor of mTOR via FKBP12 (FKBP1A)	-0.847111892888124	-1.10115128310459	0.254039390216466	0.0244338646563731	13	854	CTNNB1	FALSE	TRUE	0.672959543329615	5
PRC-007507604-206-78	AZD5991	MCL1	inhibitor of MCL1	-0.156595678084282	-0.314461724867703	0.157866046783421	0.0300457858090768	13	879	CTNNB1	FALSE	TRUE	0.672959543329615	6
PRC-008831813-672-71	TEMOZOLOMIDE	N/A	DNA alkylating agent	-0.065899710982641	-0.138854543015036	0.0729548320323945	0.0307889987144268	14	882	CTNNB1	FALSE	TRUE	0.672959543329615	7
PRC-007791504-873-02	VVD-214	WRN	allosteric inhibitor of WRN	-0.238538356792988	-0.0895941492243618	-0.148944207568626	0.0428523390332125	13	843	CTNNB1	FALSE	TRUE	0.709733256463913	8
PRC-005488543-013-42	MK-2206	AKT1;AKT2	allosteric inhibitor of AKT1 and AKT2	-0.310763670190648	-0.467429829860409	0.156666159669761	0.0446343052151073	13	854	CTNNB1	FALSE	TRUE	0.709733256463913	9
PRC-008671337-404-42	TRETINOIN	RARA;RARB;RARG;RXRA;RXRB;RXRG	agonist of retinoic acid receptors (RARA;RARB;RARG) and retinoid X receptors (RXRA;RXRB;RXRG)	-0.121783776773706	-0.267250761005436	0.14546698423173	0.046387794540125	12	876	CTNNB1	FALSE	TRUE	0.709733256463913	10
PRC-009403755-131-84	SOTORASIB	KRAS	inhibitor of KRAS p.G12C	-0.109003124489353	-0.0632191834829766	-0.0457839410063759	0.0696024940685175	14	871	CTNNB1	FALSE	TRUE	0.749256843160039	11
PRC-007071279-455-15	OMAVELOXOLONE	NFE2L2	activator of the Nrf2 (NFE2L2) pathway	-1.15609132175976	-1.0209350530674	-0.13515626869236	0.0730458522187959	14	861	CTNNB1	FALSE	TRUE	0.749256843160039	12
PRC-001330159-692-06	HRO761	WRN	inhibitor of WRN	-0.14221788030626	-0.0533468509622107	-0.0888710293440493	0.083044737548211	13	848	CTNNB1	FALSE	TRUE	0.749256843160039	13
PRC-009914550-481-43	CARMUSTINE	N/A	DNA alkylating agent	-0.188936381577635	-0.247774452353649	0.058838070776014	0.08373013453398	13	853	CTNNB1	FALSE	TRUE	0.749256843160039	14
PRC-000606818-645-04	TASELISIB	PIK3CA;PIK3CD;PIK3CG	inhibitor of PIK3CA, PIK3CD, PIK3CG	-0.53767268593212	-0.752399340263035	0.214726654330915	0.0900417589256532	13	882	CTNNB1	FALSE	TRUE	0.749256843160039	15
PRC-003723861-020-99	TEMSIROLIMUS	MTOR;FKBP1A	inhibitor of mTOR via FKBP12 (FKBP1A)	-0.406645058718084	-0.54095611523642	0.134311056518336	0.0932602831961672	13	888	CTNNB1	FALSE	TRUE	0.749256843160039	16
PRC-002637327-142-92	ATX968	DHX9	inhibitor of DHX9	-0.699815926206827	-0.560141439095872	-0.139674487110955	0.0949266682130412	13	854	CTNNB1	FALSE	TRUE	0.749256843160039	17
PRC-007450356-006-80	WDR5-IN-4	WDR5	inhibitor of WDR5	-0.0175031495397027	-0.12340733769469	0.105904188154987	0.0972564029464474	13	845	CTNNB1	FALSE	TRUE	0.749256843160039	18
PRC-000053670-256-26	YO-01027	PSEN1	inhibitor of PSEN1 component of the gamma-secretase complex	-0.190258749025786	-0.123783008665852	-0.0664757403599345	0.107569424298686	14	882	CTNNB1	FALSE	TRUE	0.749256843160039	19
PRC-009697863-650-34	CC-885	GSPT1;CRBN	CRBN-based degrader of GSPT1	-2.5872482514224	-2.8576445004676	0.2703962490452	0.107809029795467	14	861	CTNNB1	FALSE	TRUE	0.749256843160039	20
PRC-000800973-547-49	A-1331852	BCL2L1	inhibitor of BCL-xL (BCL2L1)	-1.39727175021614	-0.893701963384918	-0.503569786831222	0.108627371474068	13	882	CTNNB1	FALSE	TRUE	0.749256843160039	21
PRC-001026585-797-67	ASCIMINIB	ABL1	allosteric inhibitor of ABL1	-0.0970238531738188	-0.138552427645712	0.0415285744718932	0.115230479435936	13	881	CTNNB1	FALSE	TRUE	0.749256843160039	22
PRC-003818984-796-83	MIRANSERTIB	AKT1;AKT2;AKT3	inhibitor of AKT1, AKT2, and AKT3	-0.263820322827528	-0.388584752814543	0.124764429987015	0.119940331596152	13	854	CTNNB1	FALSE	TRUE	0.749256843160039	23
PRC-006430066-401-07	GEDATOLISIB	MTOR;PIK3CA;PIK3CB;PIK3CD;PIK3CG	inhibitor of mTOR and PIK3CA, PIK3CB, PIK3CD, and PIK3CG	-1.08788926337356	-1.3052220215108	0.217332758137245	0.125899440188879	13	854	CTNNB1	FALSE	TRUE	0.749256843160039	24
PRC-003598607-830-06	BRIGIMADLIN	TP53;MDM2;MDM4	inhibitor of TP53/MDM2/4 interaction	-0.755518698911138	-0.24645315777731	-0.509065541133828	0.144848232361106	14	886	CTNNB1	FALSE	TRUE	0.749256843160039	25
PRC-004557685-542-34	RUXOLITINIB	JAK1;JAK2	inhibitor of JAK1 and JAK2	-0.164602256974265	-0.0182540908110613	-0.146348166163204	0.00343909690386174	7	862	EGFR	FALSE	TRUE	0.263090913145423	1
PRC-009834616-136-73	DEXAMETHASONE	NR3C1	agonist of GR (NR3C1); corticosteroid	-0.308199295040851	-0.149833417242444	-0.158365877798407	0.0183605883910652	6	872	EGFR	FALSE	TRUE	0.936390007944327	2
PRC-003045678-009-13	LIRAFUGRATINIB	FGFR2	inhibitor of FGFR2	-0.040115703299823	-0.109987368898868	0.069871665599045	0.0403481969067155	7	893	EGFR	FALSE	TRUE	0.995946356298216	3
PRC-001476880-652-82	FX-909	PPARG	covalent inverse agonist of PPARG	-0.0025210316817216	-0.0475292909678347	0.0450082592861131	0.0547065333859256	6	845	EGFR	FALSE	TRUE	0.995946356298216	4
PRC-000102443-981-88	IBRUTINIB	BTK	covalent inhibitor of BTK	-0.258064931100285	-0.143530368819668	-0.114534562280617	0.0550891954713586	7	887	EGFR	FALSE	TRUE	0.995946356298216	5
PRC-008877961-715-91	SIROLIMUS	MTOR;FKBP1A	inhibitor of mTOR via FKBP12 (FKBP1A)	-0.773572971293742	-1.09614107528917	0.322568103995428	0.0659210567797824	7	860	EGFR	FALSE	TRUE	0.995946356298216	6
PRC-000264179-435-09	CALCITRIOL	VDR	agonist of VDR	-0.355595815356861	-0.186428854256421	-0.169166961100441	0.0673899154134848	7	890	EGFR	FALSE	TRUE	0.995946356298216	7
PRC-006959493-034-08	BI-3802	BCL6	SIAH1-dependent polymerization-mediated BCL6 degrader	-0.099469019889277	-0.0403057138125638	-0.0591633060767132	0.0697536054016026	7	855	EGFR	FALSE	TRUE	0.995946356298216	8
PRC-008108149-676-95	ATAMPARIB	TIPARP	inhibitor of PARP7 (TIPARP)	-0.526326830583248	-0.365034295051275	-0.161292535531974	0.0743961483871411	7	888	EGFR	FALSE	TRUE	0.995946356298216	9
PRC-000647197-994-78	LOMUSTINE	N/A	DNA alkylating agent	-0.11708600333046	-0.0693888071802159	-0.0476971961502441	0.0992517149022774	7	837	EGFR	FALSE	TRUE	0.995946356298216	10
PRC-004326898-269-05	XSTAX-VHLL	CTNNB1;VHL	PROTAC degrader of CTNNB1	-0.253712435869121	-0.197680286632599	-0.056032149236522	0.115165408959911	7	867	EGFR	FALSE	TRUE	0.995946356298216	11
PRC-008276764-801-52	POMALIDOMIDE	IKZF1;IKZF3;CRBN	CRBN-based degrader of Ikaros (IKZF1) and Aiolos (IKZF3)	-0.191129770068663	-0.0984513287154716	-0.0926784413531914	0.115423650064695	7	847	EGFR	FALSE	TRUE	0.995946356298216	12
PRC-004608016-145-34	TALAZOPARIB	PARP1;PARP2	inhibitor of PARP1 and PARP2	-0.822935101406463	-0.949973029777577	0.127037928371114	0.128379252592223	7	898	EGFR	FALSE	TRUE	0.995946356298216	13
PRC-006266318-581-02	REZATAPOPT	TP53	binder to TP53 p.Y220C	-0.196104407972829	-0.110802582107301	-0.085301825865528	0.130759639339851	7	885	EGFR	FALSE	TRUE	0.995946356298216	14
PRC-003695725-552-65	SN38	TOP1	inhibitor of TOP1	-0.851764142902488	-1.00208848884101	0.150324345938522	0.153191236441669	7	887	EGFR	FALSE	TRUE	0.995946356298216	15
PRC-007292579-542-52	BEXAGLIFLOZIN	SLC5A2	inhibitor of SGLT2 (SLC5A2)	-0.0161296002789385	-0.0613565425122176	0.0452269422332791	0.165117901088181	7	835	EGFR	FALSE	TRUE	0.995946356298216	16
PRC-004503664-114-22	RINZIMETOSTAT	EED	allosteric inhibitor of EED	-0.0687803191339676	-0.11938059111057	0.0506002719766024	0.181488334618789	7	849	EGFR	FALSE	TRUE	0.995946356298216	17
PRC-009548133-292-60	DAPRODUSTAT	EGLN1	inhibitor of EGLN1	-0.192607618322998	-0.155372800693715	-0.0372348176292835	0.185605545349762	7	862	EGFR	FALSE	TRUE	0.995946356298216	18
PRC-006986482-193-87	IMATINIB	ABL1;PDGFRA;KIT	inhibitor of ABL1, PDGFRA, and KIT	-0.0663413282924143	-0.109635559475961	0.0432942311835467	0.185696289889075	7	877	EGFR	FALSE	TRUE	0.995946356298216	19
PRC-009105577-200-27	PEVONEDISTAT	NAE1	inhibitor of NAE1	-0.572211133321897	-0.691513152741162	0.119302019419265	0.191671307250123	7	888	EGFR	FALSE	TRUE	0.995946356298216	20
PRC-004544102-755-41	NST-628	ARAF;BRAF;RAF1;MAP2K1	stabilizer and molecular glue between MEK1 (MAP2K1) and ARAF, BRAF, and RAF1	-0.812536973973873	-1.07140355386861	0.258866579894737	0.20062578534193	7	860	EGFR	FALSE	TRUE	0.995946356298216	21
PRC-007260222-578-71	NSD1 INHIBITOR BT5	NSD1	inhibitor of NSD1	-0.0647732713371767	-0.0205558328775146	-0.0442174384596621	0.203139344880597	7	803	EGFR	FALSE	TRUE	0.995946356298216	22
PRC-005451966-546-09	SUNITINIB	FLT1;FLT3;KDR;KIT;PDGFRA;PDGFRB	multikinase inhibitor; inhibitor of receptor tyrosine kinases	-0.207808340586254	-0.260109800369858	0.052301459783604	0.207938366233165	7	859	EGFR	FALSE	TRUE	0.995946356298216	23
PRC-002580965-491-68	ELOCALCITOL	VDR	agonist of VDR	-0.284562679137416	-0.193115639019821	-0.0914470401175945	0.221483975088644	7	864	EGFR	FALSE	TRUE	0.995946356298216	24
PRC-004570847-967-46	WM-1119	KAT6A;KAT6B	inhibitor of KAT6A and KAT6B	-0.301814905396073	-0.221068738740502	-0.080746166655571	0.221878761676404	7	891	EGFR	FALSE	TRUE	0.995946356298216	25
PRC-001509945-068-89	HYDROXYUREA	RRM1;RRM2;RRM2B	antimetabolite and inhibitor of RRM1, RRM2, and RRM2B	-0.451311857391742	-0.148954568616181	-0.302357288775561	0.0108276772557925	4	857	H3F3A	FALSE	TRUE	0.894324007776807	1
PRC-007658537-750-45	TOVORAFENIB	BRAF;RAF1	type II inhibitor of BRAF and RAF1	-0.179607131227445	-0.0486487656196892	-0.130958365607755	0.0210582210209952	4	823	H3F3A	FALSE	TRUE	0.894324007776807	2
PRC-002612516-174-08	TALABOSTAT	DPP4;FAP	inhibitor of dipeptidyl peptidases including DPP4 and FAP	-0.189082013654221	-0.0529563069591033	-0.136125706695118	0.0281786706928659	3	814	H3F3A	FALSE	TRUE	0.894324007776807	3
PRC-008073079-110-13	MEVROMETOSTAT	EZH2	inhibitor of EZH2	-0.191145182084872	-0.0624102497672829	-0.128734932317589	0.0375381398698826	4	870	H3F3A	FALSE	TRUE	0.894324007776807	4
PRC-005639681-794-27	VEPDEGESTRANT	ESR1;CRBN	CRBN-based PROTAC degrader of ESR1	-0.19186785765563	-0.0972399313514199	-0.0946279263042096	0.0393872517099593	4	869	H3F3A	FALSE	TRUE	0.894324007776807	5
PRC-004012024-396-78	CYTARABINE	N/A	pyrimidine nucleoside analog; inducer of DNA damage	-1.87687327693282	-1.13786005115564	-0.73901322577718	0.0403363109203222	4	901	H3F3A	FALSE	TRUE	0.894324007776807	6
PRC-009914550-481-43	CARMUSTINE	N/A	DNA alkylating agent	-0.4178431088959	-0.246442341360181	-0.17140076753572	0.0414900385117781	4	862	H3F3A	FALSE	TRUE	0.894324007776807	7
PRC-005451966-546-09	SUNITINIB	FLT1;FLT3;KDR;KIT;PDGFRA;PDGFRB	multikinase inhibitor; inhibitor of receptor tyrosine kinases	-0.385432805584487	-0.257272397048273	-0.128160408536214	0.0576497741377362	4	862	H3F3A	FALSE	TRUE	0.894324007776807	8
PRC-006596246-667-35	PF-06380101	TUBB;TUBB1;TUBB2A;TUBB2B;TUBB3;TUBB4A;TUBB4B;TUBB6;TUBB8	inhibitor of tubulin polymerization	-0.790595157898906	-1.00069982945111	0.210104671552204	0.0581425979765035	3	871	H3F3A	FALSE	TRUE	0.894324007776807	9
PRC-002497972-237-44	SAFIMALTIB	MALT1	allosteric inhibitor of MALT1	-0.180881957071549	-0.0405833568383136	-0.140298600233235	0.0809882716679199	4	846	H3F3A	FALSE	TRUE	0.894324007776807	10
PRC-004534575-814-71	DECITABINE	DNMT1	covalent inhibitor of DNMT1; hypomethylating agent with DNA incorporation	-1.70800083054167	-1.10204126228339	-0.60595956825828	0.0850034118540278	4	891	H3F3A	FALSE	TRUE	0.894324007776807	11
PRC-009834616-136-73	DEXAMETHASONE	NR3C1	agonist of GR (NR3C1); corticosteroid	-0.533403883922087	-0.15074156339752	-0.382662320524567	0.0866137677683599	4	874	H3F3A	FALSE	TRUE	0.894324007776807	12
PRC-001741871-821-58	NELARABINE	N/A	purine nucleoside analog; inhibitor of DNA synthesis	-0.311616806565831	-0.13421981326256	-0.177396993303271	0.0874650596322159	4	894	H3F3A	FALSE	TRUE	0.894324007776807	13
PRC-003695725-552-65	SN38	TOP1	inhibitor of TOP1	-1.17094667823946	-1.0000070854127	-0.170939592826754	0.0874936668496114	4	890	H3F3A	FALSE	TRUE	0.894324007776807	14
PRC-004557685-542-34	RUXOLITINIB	JAK1;JAK2	inhibitor of JAK1 and JAK2	-0.226815010571912	-0.0184622136109854	-0.208352796960927	0.0980712588320732	4	865	H3F3A	FALSE	TRUE	0.894324007776807	15
PRC-007622392-539-41	ALV1	IKZF1;IKZF2;IKZF3;IKZF4;CRBN	CRBN-based molecular glue degrader of Ikaros (IKZF1), Helios (IKZF2), Aiolos (IKZF3), and Eos (IKZF4)	-0.231242817099514	-0.142462882718575	-0.0887799343809395	0.104912001641673	3	856	H3F3A	FALSE	TRUE	0.894324007776807	16
PRC-003229107-177-92	SORAFENIB	PDGFRA;KDR;FLT3;RAF1	multikinase inhibitor; inhibitor of receptor tyrosine kinases	-0.421333410784176	-0.289368541066363	-0.131964869717813	0.108718506078374	4	863	H3F3A	FALSE	TRUE	0.894324007776807	17
PRC-008342820-955-27	ZOMIRADOMIDE	IRAK4;CRBN	CRBN-based degrader of IRAK4	-0.713861129461507	-0.416111280209621	-0.297749849251886	0.122713798298776	3	872	H3F3A	FALSE	TRUE	0.894324007776807	18
PRC-006266318-581-02	REZATAPOPT	TP53	binder to TP53 p.Y220C	-0.176734234653302	-0.110816435058093	-0.065917799595209	0.12462973248396	4	888	H3F3A	FALSE	TRUE	0.894324007776807	19
PRC-009834796-677-43	ICAPAMESPIB	HSP90AA1;HSP90AB1	inhibitor of HSP90	-1.45034257402455	-1.33856446748159	-0.111778106542955	0.128026702513981	4	863	H3F3A	FALSE	TRUE	0.894324007776807	20
PRC-001330159-692-06	HRO761	WRN	inhibitor of WRN	-0.222249586690904	-0.0534466414161048	-0.168802945274799	0.134152023333724	4	857	H3F3A	FALSE	TRUE	0.894324007776807	21
PRC-002221267-428-47	IBERDOMIDE	IKZF1;IKZF3;CRBN	CRBN-based degrader of Ikaros (IKZF1) and Aiolos (IKZF3)	-0.135135949656816	-0.196795543237545	0.0616595935807285	0.139087226603864	3	856	H3F3A	FALSE	TRUE	0.894324007776807	22
PRC-000995094-047-94	IDE397	MAT2A	inhibitor of MAT2A	-0.377603486453303	-0.271826245921349	-0.105777240531954	0.140208848187232	4	860	H3F3A	FALSE	TRUE	0.894324007776807	23
PRC-000264179-435-09	CALCITRIOL	VDR	agonist of VDR	-0.0690393597138644	-0.18857978669223	0.119540426978366	0.15333257951197	4	893	H3F3A	FALSE	TRUE	0.894324007776807	24
PRC-004608016-145-34	TALAZOPARIB	PARP1;PARP2	inhibitor of PARP1 and PARP2	-1.30176445408076	-0.945417644870196	-0.356346809210559	0.156289836774169	4	901	H3F3A	FALSE	TRUE	0.894324007776807	25
PRC-007450356-006-80	WDR5-IN-4	WDR5	inhibitor of WDR5	-0.0221878457711096	-0.124094046793233	0.101906201022123	0.00132111141388973	10	848	HRAS	FALSE	TRUE	0.202130046325128	1
PRC-007292579-542-52	BEXAGLIFLOZIN	SLC5A2	inhibitor of SGLT2 (SLC5A2)	-0.00822720736030703	-0.0611670538454231	0.052939846485116	0.0137484429799874	10	832	HRAS	FALSE	TRUE	0.571151957859601	2
PRC-002797463-471-52	KSQ-4279	USP1	inhibitor of USP1	-0.138614056568277	-0.208498126454316	0.069884069886039	0.0150570767313316	10	889	HRAS	FALSE	TRUE	0.571151957859601	3
PRC-006959493-034-08	BI-3802	BCL6	SIAH1-dependent polymerization-mediated BCL6 degrader	0	-0.040996360151	0.040996360151	0.0162817900416592	9	853	HRAS	FALSE	TRUE	0.571151957859601	4
PRC-006292419-339-81	MEZIGDOMIDE	IKZF1;IKZF2;IKZF3;CRBN	CRBN-based degrader of Ikaros (IKZF1), Helios (IKZF2), and Aiolos (IKZF3)	-0.239232379943375	-0.354715629711287	0.115483249767912	0.0196499762481693	10	855	HRAS	FALSE	TRUE	0.571151957859601	5
PRC-002922650-585-05	AZD7762	CHEK1	inhibitor of CHEK1	-0.408809927999716	-0.486077186328498	0.077267258328782	0.0270199265934236	10	885	HRAS	FALSE	TRUE	0.571151957859601	6
PRC-003695725-552-65	SN38	TOP1	inhibitor of TOP1	-1.12430233782028	-0.997791308001176	-0.126511029819104	0.0293144109063527	10	884	HRAS	FALSE	TRUE	0.571151957859601	7
PRC-006454296-704-59	GOLCADOMIDE	IKZF1;IKZF3;CRBN	CRBN-based degrader of Ikaros (IKZF1) and Aiolos (IKZF3)	-0.143816346330763	-0.282972659088767	0.139156312758004	0.0320034938996882	10	849	HRAS	FALSE	TRUE	0.571151957859601	8
PRC-003598607-830-06	BRIGIMADLIN	TP53;MDM2;MDM4	inhibitor of TP53/MDM2/4 interaction	-0.0760408441585063	-0.250187235115035	0.174146390956529	0.0335971739917412	10	890	HRAS	FALSE	TRUE	0.571151957859601	9
PRC-003061009-751-84	SOVILNESIB	KIF18A	inhibitor of KIF18A	-0.368068861892974	-0.609213218581633	0.24114435668866	0.0440089479065807	10	883	HRAS	FALSE	TRUE	0.610312520570993	10
PRC-002580965-491-68	ELOCALCITOL	VDR	agonist of VDR	-0.0957874144837498	-0.195234097851529	0.0994466833677792	0.0496021365182131	10	861	HRAS	FALSE	TRUE	0.610312520570993	11
PRC-008272149-716-09	CEMSIDOMIDE	IKZF1;IKZF3;CRBN	CRBN-based degrader of Ikaros (IKZF1) and Aiolos (IKZF3)	-0.103433901380836	-0.265903555934823	0.162469654553987	0.050975197644167	10	847	HRAS	FALSE	TRUE	0.610312520570993	12
PRC-002158132-020-46	ADAVOSERTIB	WEE1	inhibitor of WEE1	-0.791643354430335	-0.923455304898267	0.131811950467932	0.0572722751177655	10	885	HRAS	FALSE	TRUE	0.610312520570993	13
PRC-002366151-204-31	PARG-IN-4	PARG	inhibitor of PARG	-0.55937440970694	-0.727224283662174	0.167849873955234	0.0594785582660568	10	894	HRAS	FALSE	TRUE	0.610312520570993	14
PRC-008831813-672-71	TEMOZOLOMIDE	N/A	DNA alkylating agent	-0.00587669461248183	-0.138398726079666	0.132522031467184	0.0598345608402935	10	886	HRAS	FALSE	TRUE	0.610312520570993	15
PRC-004509189-964-46	MRTX-1133	KRAS	inhibitor of KRAS p.G12D	-0.00957184426016565	-0.0396272216486317	0.0300553773884661	0.0685594576268158	10	849	HRAS	FALSE	TRUE	0.622339096214616	16
PRC-002221267-428-47	IBERDOMIDE	IKZF1;IKZF3;CRBN	CRBN-based degrader of Ikaros (IKZF1) and Aiolos (IKZF3)	-0.110531508873372	-0.197143547284351	0.0866120384109785	0.0691487884682907	10	849	HRAS	FALSE	TRUE	0.622339096214616	17
PRC-000102443-981-88	IBRUTINIB	BTK	covalent inhibitor of BTK	-0.0724038467611937	-0.145226075389402	0.0728222286282078	0.0860525604132951	10	884	HRAS	FALSE	TRUE	0.676516157239635	18
PRC-001096805-026-81	DT2216	BCL2L1;VHL	VHL-based degrader of BCL-xL (BCL2L1)	-0.317556346682951	-0.22918953176813	-0.0883668149148205	0.0883522595885494	10	855	HRAS	FALSE	TRUE	0.676516157239635	19
PRC-004012024-396-78	CYTARABINE	N/A	pyrimidine nucleoside analog; inducer of DNA damage	-1.3190681505011	-1.13676665814019	-0.18230149236091	0.0884334846064883	10	895	HRAS	FALSE	TRUE	0.676516157239635	20
PRC-001286860-370-46	PEMETREXED	DHFR;GART;TYMS	inhibitor of DHFR, GART, and TYMS	-0.402080599729628	-0.448717755133666	0.0466371554040385	0.0996277107220677	10	865	HRAS	FALSE	TRUE	0.725859035260779	21
PRC-001741871-821-58	NELARABINE	N/A	purine nucleoside analog; inhibitor of DNA synthesis	-0.16781182810643	-0.13421981326256	-0.03359201484387	0.109728372782547	10	888	HRAS	FALSE	TRUE	0.728563824802916	22
PRC-004761450-456-85	RALTITREXED	TYMS	antimetabolite and inhibitor of TYMS	-1.60340489727237	-1.72866733609532	0.12526243882295	0.116439150548201	10	865	HRAS	FALSE	TRUE	0.728563824802916	23
PRC-007658537-750-45	TOVORAFENIB	BRAF;RAF1	type II inhibitor of BRAF and RAF1	-0.00502970956372988	-0.0495802530757131	0.0445505435119832	0.125220304882648	10	817	HRAS	FALSE	TRUE	0.728563824802916	24
PRC-002448985-403-28	ERDAFITINIB	FGFR1;FGFR2;FGFR3;FGFR4	inhibitor of FGFR1, FGFR2, FGFR3, and FGFR4	-0.124547220389535	-0.0839775017241511	-0.0405697186653839	0.125332808212935	10	872	HRAS	FALSE	TRUE	0.728563824802916	25
PRC-004544102-755-41	NST-628	ARAF;BRAF;RAF1;MAP2K1	stabilizer and molecular glue between MEK1 (MAP2K1) and ARAF, BRAF, and RAF1	-1.51515037954492	-1.03261656307646	-0.482533816468455	5.96398899219782e-09	90	777	KRAS	FALSE	TRUE	2.28122578951567e-07	1
PRC-002759442-178-06	SNIPER(TACC3)-11	FGFR3;TACC3;BIRC2	degrader of FGFR3-TACC3 via BIRC2	-0.859856855935092	-0.929284883026536	0.069428027091444	2.47485424250644e-06	90	777	KRAS	FALSE	TRUE	5.40932427290693e-05	2
PRC-003723861-020-99	TEMSIROLIMUS	MTOR;FKBP1A	inhibitor of mTOR via FKBP12 (FKBP1A)	-0.422800880256271	-0.550159030860075	0.127358150603804	0.000126602855021533	89	812	KRAS	FALSE	TRUE	0.00242127960228682	3
PRC-002448985-403-28	ERDAFITINIB	FGFR1;FGFR2;FGFR3;FGFR4	inhibitor of FGFR1, FGFR2, FGFR3, and FGFR4	-0.0544650644504614	-0.0883115792905924	0.033846514840131	0.000187112514324056	87	795	KRAS	FALSE	TRUE	0.00318091274350895	4
PRC-004112106-523-38	COBIMETINIB	MAP2K1	inhibitor of MEK1 (MAP2K1)	-0.871665921535337	-0.742322548260677	-0.12934337327466	0.000211571455934019	89	805	KRAS	FALSE	TRUE	0.0032370432757905	5
PRC-008940758-631-47	CABAZITAXEL	TUBB;TUBB1;TUBB2A;TUBB2B;TUBB3;TUBB4A;TUBB4B;TUBB6;TUBB8	microtubule stabilizing agent	-0.68922084985983	-0.75385059288411	0.06462974302428	0.000262455090392424	88	787	KRAS	FALSE	TRUE	0.0036505117118219	6
PRC-002775466-576-04	LUNRESERTIB	PKMYT1	inhibitor of PKMYT1	-0.751459636568562	-0.563712947774018	-0.187746688794544	0.000308368534382026	89	806	KRAS	FALSE	TRUE	0.00393169881337083	7
PRC-005674258-038-49	VISTUSERTIB	MTOR	inhibitor of mTOR	-0.907546219674183	-0.991021853415077	0.083475633740894	0.000352689327562004	89	806	KRAS	FALSE	TRUE	0.00400747039546026	8
PRC-004969578-640-71	MYC-RIBOTAC	MYC	ribonuclease-targeting chimera against MYC via RNAse recruitment	-0.13627309937698	-0.107532605255622	-0.0287404941213585	0.000392452306292948	89	776	KRAS	FALSE	TRUE	0.00400747039546026	9
PRC-008877961-715-91	SIROLIMUS	MTOR;FKBP1A	inhibitor of mTOR via FKBP12 (FKBP1A)	-0.911814761082297	-1.11681946435404	0.205004703271742	0.000392889254456888	90	777	KRAS	FALSE	TRUE	0.00400747039546026	10
PRC-000333156-376-78	PACLITAXEL	TUBB;TUBB1;TUBB2A;TUBB2B;TUBB3;TUBB4A;TUBB4B;TUBB6;TUBB8	microtubule stabilizing agent	-0.718880227732517	-0.764263610656394	0.045383382923877	0.000457864305605219	87	805	KRAS	FALSE	TRUE	0.00437832742234991	11
PRC-005940065-431-37	VOCIPROTAFIB	PTPN11	allosteric inhibitor of SHP2 (PTPN11)	-0.240342661838822	-0.310704979997035	0.0703623181582135	0.000514593777701178	88	781	KRAS	FALSE	TRUE	0.00463134399931061	12
PRC-003695725-552-65	SN38	TOP1	inhibitor of TOP1	-0.926864715549921	-1.01161477019869	0.0847500546487689	0.000719433684595775	89	805	KRAS	FALSE	TRUE	0.00611518631906408	13
PRC-007507604-206-78	AZD5991	MCL1	inhibitor of MCL1	-0.234031152107096	-0.320325900280024	0.086294748172928	0.000774327381637804	89	803	KRAS	FALSE	TRUE	0.00623537312582021	14
PRC-007398634-032-95	ELIMUSERTIB	ATR	inhibitor of ATR	-0.84275960799156	-0.946609008416331	0.103849400424771	0.000843502396932518	89	806	KRAS	FALSE	TRUE	0.00645279333653376	15
PRC-009430698-041-38	ENCORAFENIB	BRAF	inhibitor of BRAF	-0.0991097992320502	-0.0281318189124196	-0.0709779803196306	0.0017108832771455	84	750	KRAS	FALSE	TRUE	0.0124650067334886	16
PRC-009105577-200-27	PEVONEDISTAT	NAE1	inhibitor of NAE1	-0.637466984868797	-0.698832857662753	0.0613658727939559	0.0038838991136807	89	806	KRAS	FALSE	TRUE	0.0270107529269612	17
PRC-003691762-853-15	TAGARAFDEG	BRAF;CRBN	CRBN-based degrader of BRAF V600 mutant proteins	-0.0798292476843305	-0.103994171411156	0.0241649237268256	0.00476004911047378	86	784	KRAS	FALSE	TRUE	0.0281605605862893	18
PRC-000603430-743-53	BRM014	SMARCA2;SMARCA4	allosteric inhibitor of SWI/SNF ATPases (SMARCA2 and SMARCA4)	-0.626749764645272	-0.737552583155568	0.110802818510296	0.00486699694037775	91	813	KRAS	FALSE	TRUE	0.0281605605862893	19
PRC-003153850-850-30	TEMUTERKIB	MAPK1;MAPK3	inhibitor of ERK1 (MAPK3) and ERK2 (MAPK1)	-0.323893834590529	-0.244117823510803	-0.0797760110797265	0.00508369353922954	89	806	KRAS	FALSE	TRUE	0.0281605605862893	20
PRC-002414159-053-54	VT104	TEAD1;TEAD3	inhibitor of TEAD1 and TEAD3 palmitoylation	-0.118877453542118	-0.173199494343641	0.054322040801523	0.00515356664324249	91	805	KRAS	FALSE	TRUE	0.0281605605862893	21
PRC-003986309-500-30	DOXORUBICIN	TOP2A;TOP2B	inhibitor of TOP2A and TOP2B; DNA intercalator	-1.1473116912048	-1.21505368093907	0.0677419897342699	0.00724530206978235	91	814	KRAS	FALSE	TRUE	0.0367180252034996	22
PRC-007260222-578-71	NSD1 INHIBITOR BT5	NSD1	inhibitor of NSD1	-0.00288665392243707	-0.0243165578977933	0.0214299039753562	0.00737463394354717	86	724	KRAS	FALSE	TRUE	0.0367180252034996	23
PRC-001104905-783-58	BATOPROTAFIB	PTPN11	allosteric inhibitor of SHP2 (PTPN11)	-0.171237261006391	-0.22435194934436	0.0531146883379695	0.00743959987783326	88	800	KRAS	FALSE	TRUE	0.0367180252034996	24
PRC-000365739-451-14	CAPIVASERTIB	AKT1;AKT2;AKT3	inhibitor of AKT1, AKT2, and AKT3	-0.203858551713346	-0.257177029760495	0.053318478047149	0.00821156714755127	87	796	KRAS	FALSE	TRUE	0.0392615554242295	25
PRC-002988394-062-42	HOMOHARRINGTONINE	N/A	inhibitor of protein translation by preventing protein elongation	-1.31163003568548	-1.04262854300742	-0.26900149267806	0.000548548887996442	8	859	MTOR	FALSE	TRUE	0.0839279798634556	1
PRC-007373790-329-43	STIRIPENTOL	LDHA;LDHB	anticonvulsant and inhibitor of LDHA and LDHB	-0.0763884580287493	-0.0145342163655007	-0.0618542416632486	0.00301787092339624	8	820	MTOR	FALSE	TRUE	0.230867125639813	2
PRC-008826312-760-15	IPATASERTIB	AKT1;AKT2;AKT3	inhibitor of AKT1, AKT2, and AKT3	-0.48257315672068	-0.242273602949832	-0.240299553770848	0.016901946702894	8	853	MTOR	FALSE	TRUE	0.637874933892809	3
PRC-000053670-256-26	YO-01027	PSEN1	inhibitor of PSEN1 component of the gamma-secretase complex	-0.0504071192165243	-0.127469926521783	0.0770628073052583	0.0244964282553711	8	888	MTOR	FALSE	TRUE	0.637874933892809	4
PRC-008108149-676-95	ATAMPARIB	TIPARP	inhibitor of PARP7 (TIPARP)	-0.243362696239522	-0.366775339144134	0.123412642904613	0.028783836929165	8	887	MTOR	FALSE	TRUE	0.637874933892809	5
PRC-001476880-652-82	FX-909	PPARG	covalent inverse agonist of PPARG	-0.00256905102289233	-0.0475659446254856	0.0449968936025933	0.032132680058113	8	843	MTOR	FALSE	TRUE	0.637874933892809	6
PRC-003598607-830-06	BRIGIMADLIN	TP53;MDM2;MDM4	inhibitor of TP53/MDM2/4 interaction	-1.2978287263592	-0.24645315777731	-1.05137556858189	0.0354225266655109	8	892	MTOR	FALSE	TRUE	0.637874933892809	7
PRC-007398634-032-95	ELIMUSERTIB	ATR	inhibitor of ATR	-1.06315882918234	-0.936128583651232	-0.127030245531103	0.0361032809055966	8	887	MTOR	FALSE	TRUE	0.637874933892809	8
PRC-005488543-013-42	MK-2206	AKT1;AKT2	allosteric inhibitor of AKT1 and AKT2	-0.742509691094934	-0.464937615143656	-0.277572075951278	0.0375220549348711	8	859	MTOR	FALSE	TRUE	0.637874933892809	9
PRC-007260222-578-71	NSD1 INHIBITOR BT5	NSD1	inhibitor of NSD1	-0.101098775274344	-0.0195865394100271	-0.0815122358643166	0.0428145552914969	8	802	MTOR	FALSE	TRUE	0.646906025047515	10
PRC-000365739-451-14	CAPIVASERTIB	AKT1;AKT2;AKT3	inhibitor of AKT1, AKT2, and AKT3	-0.519220035033629	-0.251190325167113	-0.268029709866516	0.0465095835001481	8	875	MTOR	FALSE	TRUE	0.646906025047515	11
PRC-004503664-114-22	RINZIMETOSTAT	EED	allosteric inhibitor of EED	-0.190616777260999	-0.117133562384019	-0.0734832148769795	0.0585734571018859	8	848	MTOR	FALSE	TRUE	0.735712942487606	12
PRC-003818984-796-83	MIRANSERTIB	AKT1;AKT2;AKT3	inhibitor of AKT1, AKT2, and AKT3	-0.544485664648159	-0.387735644368708	-0.156750020279451	0.065304146621072	8	859	MTOR	FALSE	TRUE	0.735712942487606	13
PRC-002497972-237-44	SAFIMALTIB	MALT1	allosteric inhibitor of MALT1	-0.116158776787881	-0.0393850281316725	-0.0767737486562087	0.0673201385282777	8	842	MTOR	FALSE	TRUE	0.735712942487606	14
PRC-007948699-857-90	FHD-609	BRD9;CRBN	inhibitor and CRBN-based degrader of BRD9	-0.957796207967479	-0.830258384427491	-0.127537823539988	0.072379696012132	8	897	MTOR	FALSE	TRUE	0.738272899323747	15
PRC-006172741-035-32	UNC0642	EHMT1;EHMT2	inhibitor of GLP (EHMT1) and G9a (EHMT2) histone methyltransferases	-0.378886084515701	-0.292825395261324	-0.0860606892543765	0.0829259046464154	8	859	MTOR	FALSE	TRUE	0.792978963181347	16
PRC-008794829-505-89	ROXADUSTAT	EGLN1	inhibitor of EGLN1	-0.0508397783091887	-0.102533216144989	0.0516934378358004	0.0935080665655216	8	851	MTOR	FALSE	TRUE	0.815039700771614	17
PRC-009105577-200-27	PEVONEDISTAT	NAE1	inhibitor of NAE1	-0.547805406060406	-0.69186819815597	0.144062792095565	0.0985307846926265	8	887	MTOR	FALSE	TRUE	0.815039700771614	18
PRC-006230614-462-44	(R)-CR8	CDK12;CCNK;DDB1	degrader of CCNK via CDK12 and DDB1	-0.789249109920903	-0.997835678826291	0.208586568905389	0.103802770189027	8	867	MTOR	FALSE	TRUE	0.815039700771614	19
PRC-003229107-177-92	SORAFENIB	PDGFRA;KDR;FLT3;RAF1	multikinase inhibitor; inhibitor of receptor tyrosine kinases	-0.355795835245625	-0.288920188937328	-0.0668756463082965	0.111996673595158	8	859	MTOR	FALSE	TRUE	0.815039700771614	20
PRC-009548133-292-60	DAPRODUSTAT	EGLN1	inhibitor of EGLN1	-0.103904864340123	-0.155819096943555	0.0519142326034322	0.112185039052994	8	861	MTOR	FALSE	TRUE	0.815039700771614	21
PRC-004012024-396-78	CYTARABINE	N/A	pyrimidine nucleoside analog; inducer of DNA damage	-1.24068723758481	-1.13786005115564	-0.102827186429165	0.125571974971775	8	897	MTOR	FALSE	TRUE	0.815039700771614	22
PRC-001026585-797-67	ASCIMINIB	ABL1	allosteric inhibitor of ABL1	-0.0503438138309806	-0.138214811116892	0.0878709972859114	0.129579679211906	8	886	MTOR	FALSE	TRUE	0.815039700771614	23
PRC-000264179-435-09	CALCITRIOL	VDR	agonist of VDR	-0.0817382616305351	-0.190009352686258	0.108271091055723	0.129912229561281	8	889	MTOR	FALSE	TRUE	0.815039700771614	24
PRC-008831813-672-71	TEMOZOLOMIDE	N/A	DNA alkylating agent	-0.0588600314887199	-0.137956384992055	0.0790963535033352	0.133894899495281	8	888	MTOR	FALSE	TRUE	0.815039700771614	25
PRC-000603430-743-53	BRM014	SMARCA2;SMARCA4	allosteric inhibitor of SWI/SNF ATPases (SMARCA2 and SMARCA4)	-1.1317000166254	-0.728695498497112	-0.403004518128283	0.002742278644713	16	888	MYC	FALSE	TRUE	0.290797091598957	1
PRC-004919161-163-34	ACBI2	SMARCA2;VHL	VHL-based PROTAC degrader of SMARCA2	-0.545355132486787	-0.363056208293174	-0.182298924193613	0.00380126917122819	16	887	MYC	FALSE	TRUE	0.290797091598957	2
PRC-008276764-801-52	POMALIDOMIDE	IKZF1;IKZF3;CRBN	CRBN-based degrader of Ikaros (IKZF1) and Aiolos (IKZF3)	-0.202302503466171	-0.0973873506275619	-0.104915152838609	0.00604633665568889	14	840	MYC	FALSE	TRUE	0.308363169440134	3
PRC-000286438-514-49	ATUVECICLIB	CDK9	inhibitor of CDK9	-0.719378771259344	-0.622837070662134	-0.0965417005972096	0.0372606520965266	16	889	MYC	FALSE	TRUE	0.818825259792939	4
PRC-008342820-955-27	ZOMIRADOMIDE	IRAK4;CRBN	CRBN-based degrader of IRAK4	-0.526534691758643	-0.413134708268774	-0.113399983489869	0.0396503633250004	15	860	MYC	FALSE	TRUE	0.818825259792939	5
PRC-009834616-136-73	DEXAMETHASONE	NR3C1	agonist of GR (NR3C1); corticosteroid	-0.0687037119075419	-0.151569535591781	0.0828658236842386	0.0407800871351106	16	862	MYC	FALSE	TRUE	0.818825259792939	6
PRC-008940758-631-47	CABAZITAXEL	TUBB;TUBB1;TUBB2A;TUBB2B;TUBB3;TUBB4A;TUBB4B;TUBB6;TUBB8	microtubule stabilizing agent	-0.688218092171349	-0.749124691728911	0.0609065995575615	0.0421930803804272	15	860	MYC	FALSE	TRUE	0.818825259792939	7
PRC-000333156-376-78	PACLITAXEL	TUBB;TUBB1;TUBB2A;TUBB2B;TUBB3;TUBB4A;TUBB4B;TUBB6;TUBB8	microtubule stabilizing agent	-0.707314589178862	-0.758762606443226	0.0514480172643641	0.0505961408677019	16	876	MYC	FALSE	TRUE	0.818825259792939	8
PRC-006709228-119-59	LENALIDOMIDE	CUL4A;CRBN;IKZF1;IKZF3	degrader of IKZF1 and IKZF3; molecular glue and binder of CRBN	-0.114997459751373	-0.057385098824646	-0.057612360926727	0.0517160432542917	14	863	MYC	FALSE	TRUE	0.818825259792939	9
PRC-003598607-830-06	BRIGIMADLIN	TP53;MDM2;MDM4	inhibitor of TP53/MDM2/4 interaction	-0.0874703627031044	-0.250187235115035	0.162716872411931	0.0725960009667902	16	884	MYC	FALSE	TRUE	0.818825259792939	10
PRC-004534575-814-71	DECITABINE	DNMT1	covalent inhibitor of DNMT1; hypomethylating agent with DNA incorporation	-1.26903034355942	-1.10000408789201	-0.169026255667405	0.0766145542915062	16	879	MYC	FALSE	TRUE	0.818825259792939	11
PRC-005512150-060-65	BAZEDOXIFENE	ESR1	selective estrogen receptor modulator	-0.163829127924189	-0.0889157284225795	-0.0749133995016095	0.0791152900834206	15	857	MYC	FALSE	TRUE	0.818825259792939	12
PRC-008073079-110-13	MEVROMETOSTAT	EZH2	inhibitor of EZH2	-0.15653039743463	-0.0624102497672829	-0.0941201476673471	0.0808137940161122	14	860	MYC	FALSE	TRUE	0.818825259792939	13
PRC-001026585-797-67	ASCIMINIB	ABL1	allosteric inhibitor of ABL1	-0.0197243142298974	-0.138277202981732	0.118552888751835	0.0824936684938995	15	879	MYC	FALSE	TRUE	0.818825259792939	14
PRC-003389681-184-91	MRT-2359	GSPT1;CRBN	CRBN-based degrader of GSPT1	-1.00394470653115	-0.853843728593315	-0.150100977937835	0.0985915060024351	15	859	MYC	FALSE	TRUE	0.818825259792939	15
PRC-008691359-483-81	NAVITOCLAX	BCL2L1;BCL2	inhibitor of BCL-xL (BCL2L1) and BCL2	-0.135152166232622	-0.187801920200541	0.052649753967919	0.114522356668274	16	877	MYC	FALSE	TRUE	0.818825259792939	16
PRC-002221267-428-47	IBERDOMIDE	IKZF1;IKZF3;CRBN	CRBN-based degrader of Ikaros (IKZF1) and Aiolos (IKZF3)	-0.344289825069072	-0.196415204947102	-0.147874620121971	0.131752421528457	15	844	MYC	FALSE	TRUE	0.818825259792939	17
PRC-003179900-109-59	SELINEXOR	XPO1	inhibitor of XPO1	-0.397366264843434	-0.486934248492616	0.0895679836491825	0.132511928011412	16	879	MYC	FALSE	TRUE	0.818825259792939	18
PRC-008272149-716-09	CEMSIDOMIDE	IKZF1;IKZF3;CRBN	CRBN-based degrader of Ikaros (IKZF1) and Aiolos (IKZF3)	-0.402500664323406	-0.264978558676718	-0.137522105646688	0.139896223159065	15	842	MYC	FALSE	TRUE	0.818825259792939	19
PRC-007622392-539-41	ALV1	IKZF1;IKZF2;IKZF3;IKZF4;CRBN	CRBN-based molecular glue degrader of Ikaros (IKZF1), Helios (IKZF2), Aiolos (IKZF3), and Eos (IKZF4)	-0.178068232163487	-0.141988092781015	-0.036080139382472	0.140560673951748	15	844	MYC	FALSE	TRUE	0.818825259792939	20
PRC-006986482-193-87	IMATINIB	ABL1;PDGFRA;KIT	inhibitor of ABL1, PDGFRA, and KIT	-0.0453213339913669	-0.110060820411749	0.0647394864203821	0.145334194875577	15	869	MYC	FALSE	TRUE	0.818825259792939	21
PRC-004570847-967-46	WM-1119	KAT6A;KAT6B	inhibitor of KAT6A and KAT6B	-0.26701508418168	-0.220974159736456	-0.046040924445224	0.146606222199119	15	883	MYC	FALSE	TRUE	0.818825259792939	22
PRC-001096805-026-81	DT2216	BCL2L1;VHL	VHL-based degrader of BCL-xL (BCL2L1)	-0.172811941160671	-0.234457207616698	0.0616452664560265	0.151841746506416	15	850	MYC	FALSE	TRUE	0.818825259792939	23
PRC-003229107-177-92	SORAFENIB	PDGFRA;KDR;FLT3;RAF1	multikinase inhibitor; inhibitor of receptor tyrosine kinases	-0.226171588715439	-0.292078858732672	0.0659072700172325	0.157672164825982	15	852	MYC	FALSE	TRUE	0.818825259792939	24
PRC-007292579-542-52	BEXAGLIFLOZIN	SLC5A2	inhibitor of SGLT2 (SLC5A2)	-0.0296098685290062	-0.0613565425122176	0.0317466739832114	0.157939203024476	15	827	MYC	FALSE	TRUE	0.818825259792939	25
PRC-005940065-431-37	VOCIPROTAFIB	PTPN11	allosteric inhibitor of SHP2 (PTPN11)	-0.121020412972656	-0.311826087231757	0.190805674259101	1.12731123048502e-08	35	834	NRAS	FALSE	TRUE	1.72478618264209e-06	1
PRC-001104905-783-58	BATOPROTAFIB	PTPN11	allosteric inhibitor of SHP2 (PTPN11)	-0.0614524392650074	-0.22435194934436	0.162899510079353	3.98966403567125e-08	32	856	NRAS	FALSE	TRUE	3.0520929872885e-06	2
PRC-001115103-941-37	BI-2865	KRAS	inhibitor of KRAS	-0.120310004931559	-0.225096488749194	0.104786483817636	1.07533785509886e-05	34	863	NRAS	FALSE	TRUE	0.000548422306100417	3
PRC-001040830-807-72	BI-3406	SOS1;KRAS	inhibitor of the KRAS-SOS1 interaction	-0.0725635861466492	-0.15003437444809	0.0774707883014408	0.000328234640300692	31	849	NRAS	FALSE	TRUE	0.00959183696956876	4
PRC-000102443-981-88	IBRUTINIB	BTK	covalent inhibitor of BTK	-0.0781191587709617	-0.14745261745768	0.0693334586867183	0.000376150469394853	35	859	NRAS	FALSE	TRUE	0.00959183696956876	5
PRC-002448985-403-28	ERDAFITINIB	FGFR1;FGFR2;FGFR3;FGFR4	inhibitor of FGFR1, FGFR2, FGFR3, and FGFR4	-0.0137282549320182	-0.0869755734796146	0.0732473185475964	0.00058476539122114	33	849	NRAS	FALSE	TRUE	0.0123076385715479	6
PRC-004509189-964-46	MRTX-1133	KRAS	inhibitor of KRAS p.G12D	-0.00686322498756346	-0.0406557438720282	0.0337925188844647	0.000643536657335839	35	824	NRAS	FALSE	TRUE	0.0123076385715479	7
PRC-009430698-041-38	ENCORAFENIB	BRAF	inhibitor of BRAF	-0.155274825174767	-0.0296279966720375	-0.12564682850273	0.00164821689080263	35	799	NRAS	FALSE	TRUE	0.0280196871436448	8
PRC-008953467-204-34	BBO-8520	KRAS	inhibitor of active-state and inactive-state KRAS-G12C	-0.354477318255637	-0.45063326509387	0.096155946838233	0.00206956583415744	34	833	NRAS	FALSE	TRUE	0.0293226990606209	9
PRC-004557685-542-34	RUXOLITINIB	JAK1;JAK2	inhibitor of JAK1 and JAK2	0	-0.0204926796210338	0.0204926796210338	0.00210816790631915	34	835	NRAS	FALSE	TRUE	0.0293226990606209	10
PRC-008466785-760-25	TIVOZANIB	FLT1;FLT3;KDR	inhibitor of VEGF receptors (FLT1, FLT3, and KDR)	-0.254858306537671	-0.36248905133224	0.10763074479457	0.00334760809102765	34	829	NRAS	FALSE	TRUE	0.0426820031606025	11
PRC-004112106-523-38	COBIMETINIB	MAP2K1	inhibitor of MEK1 (MAP2K1)	-0.983687823216307	-0.747763944904019	-0.235923878312288	0.00498328161731813	35	859	NRAS	FALSE	TRUE	0.0560947161252318	12
PRC-007479411-457-03	DIVARASIB	KRAS	inhibitor of KRAS p.G12C	-0.278667367906962	-0.317906714256943	0.039239346349981	0.00513284984152448	35	860	NRAS	FALSE	TRUE	0.0560947161252318	13
PRC-008108149-676-95	ATAMPARIB	TIPARP	inhibitor of PARP7 (TIPARP)	-0.228290847912416	-0.369382563022553	0.141091715110137	0.00834411674823606	35	860	NRAS	FALSE	TRUE	0.0851099908320078	14
PRC-009067408-193-24	PROTAC EEF2K DEGRADER-1	EEF2K;CRBN	CRBN-based degrader of EEF2K	0	0	0	0.0114554325929646	30	704	NRAS	FALSE	TRUE	0.109542574170224	15
PRC-004544102-755-41	NST-628	ARAF;BRAF;RAF1;MAP2K1	stabilizer and molecular glue between MEK1 (MAP2K1) and ARAF, BRAF, and RAF1	-1.34842683812222	-1.0620510677758	-0.286375770346415	0.0126353955478508	34	833	NRAS	FALSE	TRUE	0.113718559930657	16
PRC-008831813-672-71	TEMOZOLOMIDE	N/A	DNA alkylating agent	-0.0898441530425902	-0.1395693934456	0.0497252404030103	0.0169562094544435	34	862	NRAS	FALSE	TRUE	0.142987534834695	17
PRC-000286438-514-49	ATUVECICLIB	CDK9	inhibitor of CDK9	-0.553154723708409	-0.627922159615817	0.0747674359074081	0.0186625040448759	35	870	NRAS	FALSE	TRUE	0.142987534834695	18
PRC-006618013-823-13	TUCATINIB	ERBB2	inhibitor of ERBB2	-0.0849890807270823	-0.125216335223063	0.0402272544959807	0.0186911810241431	35	848	NRAS	FALSE	TRUE	0.142987534834695	19
PRC-003045678-009-13	LIRAFUGRATINIB	FGFR2	inhibitor of FGFR2	-0.0832510853326298	-0.111160364190667	0.0279092788580372	0.020475582531731	35	865	NRAS	FALSE	TRUE	0.149179244159754	20
PRC-007292579-542-52	BEXAGLIFLOZIN	SLC5A2	inhibitor of SGLT2 (SLC5A2)	-0.0856515697830263	-0.0586948095254221	-0.0269567602576042	0.0221643221695177	35	807	NRAS	FALSE	TRUE	0.1541427859971	21
PRC-005467088-127-10	NAPORAFENIB	BRAF;RAF1	inhibitor of BRAF, BRAF p.V600E, and CRAF (RAF1)	-0.268694180559826	-0.183983596889961	-0.0847105836698655	0.0339882048094887	35	868	NRAS	FALSE	TRUE	0.22609544938486	22
PRC-001595985-435-70	GEMCITABINE	N/A	inhibitor of DNA replication	-0.841296278797896	-0.936425711711644	0.0951294329137484	0.0380288545520822	35	870	NRAS	FALSE	TRUE	0.227877243182079	23
PRC-003625373-587-85	CIRTOCICLIB	CDK2	inhibitor of CDK2	-0.925175912773955	-0.953529045983508	0.0283531332095535	0.0391309185940278	34	833	NRAS	FALSE	TRUE	0.227877243182079	24
PRC-001026585-797-67	ASCIMINIB	ABL1	allosteric inhibitor of ABL1	-0.110632373688522	-0.138414815313722	0.0277824416252005	0.0399208311719065	34	860	NRAS	FALSE	TRUE	0.227877243182079	25
PRC-008826312-760-15	IPATASERTIB	AKT1;AKT2;AKT3	inhibitor of AKT1, AKT2, and AKT3	-0.400151221288034	-0.231693933852226	-0.168457287435808	2.29252050544496e-07	53	808	PIK3CA	FALSE	TRUE	8.76889093332697e-06	1
PRC-005488543-013-42	MK-2206	AKT1;AKT2	allosteric inhibitor of AKT1 and AKT2	-0.676941892377018	-0.459356264370808	-0.217585628006209	4.05493354073669e-06	54	813	PIK3CA	FALSE	TRUE	0.000109062733755664	2
PRC-000365739-451-14	CAPIVASERTIB	AKT1;AKT2;AKT3	inhibitor of AKT1, AKT2, and AKT3	-0.405507860650424	-0.245977693596932	-0.159530167053492	4.27696995120251e-06	56	827	PIK3CA	FALSE	TRUE	0.000109062733755664	3
PRC-002637327-142-92	ATX968	DHX9	inhibitor of DHX9	-0.728458374087849	-0.55011968826719	-0.178338685820658	0.000123157598553987	54	813	PIK3CA	FALSE	TRUE	0.00269187322553715	4
PRC-002497972-237-44	SAFIMALTIB	MALT1	allosteric inhibitor of MALT1	-0.0942277627537182	-0.0368059439632382	-0.05742181879048	0.00017925817228116	53	797	PIK3CA	FALSE	TRUE	0.00339127766150892	5
PRC-003818984-796-83	MIRANSERTIB	AKT1;AKT2;AKT3	inhibitor of AKT1, AKT2, and AKT3	-0.488680536067025	-0.384335556768423	-0.104344979298602	0.00019948692126523	54	813	PIK3CA	FALSE	TRUE	0.00339127766150892	6
PRC-000264179-435-09	CALCITRIOL	VDR	agonist of VDR	-0.327016600875249	-0.180105689941535	-0.146910910933714	0.00134812206015776	56	841	PIK3CA	FALSE	TRUE	0.0206262675204137	7
PRC-007791504-873-02	VVD-214	WRN	allosteric inhibitor of WRN	-0.127396901827965	-0.088798613792558	-0.038598288035407	0.00500997918521383	53	803	PIK3CA	FALSE	TRUE	0.0696842559397924	8
PRC-005639681-794-27	VEPDEGESTRANT	ESR1;CRBN	CRBN-based PROTAC degrader of ESR1	-0.130869009114065	-0.0961020875643542	-0.0347669215497103	0.00588642320557095	54	819	PIK3CA	FALSE	TRUE	0.0705190402894213	9
PRC-004112106-523-38	COBIMETINIB	MAP2K1	inhibitor of MEK1 (MAP2K1)	-0.639825782174005	-0.752358116192873	0.112532334018868	0.0059918138808005	56	838	PIK3CA	FALSE	TRUE	0.0705190402894213	10
PRC-007071279-455-15	OMAVELOXOLONE	NFE2L2	activator of the Nrf2 (NFE2L2) pathway	-1.11592093759462	-1.01775101731381	-0.0981699202808051	0.00814808539944358	53	822	PIK3CA	FALSE	TRUE	0.0880162404151982	11
PRC-006618013-823-13	TUCATINIB	ERBB2	inhibitor of ERBB2	-0.191124017657431	-0.122858617784884	-0.068265399872547	0.00862904317796061	55	828	PIK3CA	FALSE	TRUE	0.0880162404151982	12
PRC-009974538-803-02	ML291	N/A	inducer of the unfolded protein response	-0.968183420066584	-0.858276600827268	-0.109906819239316	0.00963577934060316	54	810	PIK3CA	FALSE	TRUE	0.0921421399445178	13
PRC-004570847-967-46	WM-1119	KAT6A;KAT6B	inhibitor of KAT6A and KAT6B	-0.197061868705913	-0.224106593342406	0.027044724636493	0.014439005994028	56	842	PIK3CA	FALSE	TRUE	0.119375418751054	14
PRC-004544102-755-41	NST-628	ARAF;BRAF;RAF1;MAP2K1	stabilizer and molecular glue between MEK1 (MAP2K1) and ARAF, BRAF, and RAF1	-0.905377868028135	-1.08488343217386	0.179505564145725	0.0145196669486713	54	813	PIK3CA	FALSE	TRUE	0.119375418751054	15
PRC-007795693-378-55	GILTERITINIB	FLT3;AXL	inhibitor of FLT3 and AXL	-0.432223085199655	-0.475833623201797	0.0436105380021425	0.0148243984069937	56	849	PIK3CA	FALSE	TRUE	0.119375418751054	16
PRC-004158344-726-38	TAGTOCICLIB	CDK2	inhibitor of CDK2	-0.722625380416331	-0.789827219764369	0.067201839348038	0.0165512692111661	56	849	PIK3CA	FALSE	TRUE	0.126617209465421	17
PRC-000102443-981-88	IBRUTINIB	BTK	covalent inhibitor of BTK	-0.211322339655711	-0.139874883557878	-0.071447456097833	0.0187431143908072	56	838	PIK3CA	FALSE	TRUE	0.136556976275881	18
PRC-008831813-672-71	TEMOZOLOMIDE	N/A	DNA alkylating agent	-0.0985531850919514	-0.140093986646135	0.0415408015541831	0.0197921169788268	56	840	PIK3CA	FALSE	TRUE	0.137645177170932	19
PRC-000647197-994-78	LOMUSTINE	N/A	DNA alkylating agent	-0.0908724786868757	-0.0681933215502641	-0.0226791571366116	0.0233038547412281	51	793	PIK3CA	FALSE	TRUE	0.149765381002553	20
PRC-009548133-292-60	DAPRODUSTAT	EGLN1	inhibitor of EGLN1	-0.127924945261628	-0.158111619779924	0.030186674518296	0.0240792285369612	53	816	PIK3CA	FALSE	TRUE	0.149765381002553	21
PRC-002797463-471-52	KSQ-4279	USP1	inhibitor of USP1	-0.151915542185085	-0.208828567420841	0.056913025235756	0.0244714674840772	55	844	PIK3CA	FALSE	TRUE	0.149765381002553	22
PRC-009067408-193-24	PROTAC EEF2K DEGRADER-1	EEF2K;CRBN	CRBN-based degrader of EEF2K	-0.0083225459459694	0	-0.0083225459459694	0.0499514383136417	42	692	PIK3CA	FALSE	TRUE	0.283058150443969	23
PRC-002988394-062-42	HOMOHARRINGTONINE	N/A	inhibitor of protein translation by preventing protein elongation	-1.08708909352246	-1.04262854300742	-0.0444605505150399	0.0695116215061087	54	813	PIK3CA	FALSE	TRUE	0.379831360372666	24
PRC-001096805-026-81	DT2216	BCL2L1;VHL	VHL-based degrader of BCL-xL (BCL2L1)	-0.266091438728497	-0.229035641319896	-0.037055797408601	0.0746241519120234	53	812	PIK3CA	FALSE	TRUE	0.387638551423933	25
PRC-005099746-010-52	PALBOCICLIB	CDK4;CDK6	inhibitor of CDK4 and CDK6	-0.512745158143973	-0.390096413886822	-0.122648744257152	0.00742721617100522	12	882	PTPN11	FALSE	TRUE	0.725181775267216	1
PRC-009914550-481-43	CARMUSTINE	N/A	DNA alkylating agent	-0.329674840445906	-0.245118748312563	-0.0845560921333425	0.0124474139770326	12	854	PTPN11	FALSE	TRUE	0.725181775267216	2
PRC-009316793-414-27	ABEMACICLIB	CDK4;CDK6	inhibitor of CDK4 and CDK6	-1.4241832209508	-1.25470310025333	-0.16948012069747	0.0167120945702805	12	883	PTPN11	FALSE	TRUE	0.725181775267216	3
PRC-006986482-193-87	IMATINIB	ABL1;PDGFRA;KIT	inhibitor of ABL1, PDGFRA, and KIT	-0.235064334085508	-0.108271831300945	-0.126792502784563	0.0215058765961908	12	872	PTPN11	FALSE	TRUE	0.725181775267216	4
PRC-000647197-994-78	LOMUSTINE	N/A	DNA alkylating agent	-0.143445528798291	-0.0688126160433661	-0.0746329127549254	0.0318172628470757	12	832	PTPN11	FALSE	TRUE	0.725181775267216	5
PRC-008466785-760-25	TIVOZANIB	FLT1;FLT3;KDR	inhibitor of VEGF receptors (FLT1, FLT3, and KDR)	-0.485925974034292	-0.356929866928902	-0.12899610710539	0.0323074161552957	12	851	PTPN11	FALSE	TRUE	0.725181775267216	6
PRC-001211663-958-43	XL177A	USP7	inhibitor of USP7	-0.317349909364803	-0.227856263324944	-0.0894936460398595	0.0352755448374749	12	886	PTPN11	FALSE	TRUE	0.725181775267216	7
PRC-005762936-657-56	LUXDEGALUTAMIDE	AR;CRBN	CRBN-based degrader of AR	-0.25704353089341	-0.181965660803568	-0.0750778700898415	0.0379180013211616	12	859	PTPN11	FALSE	TRUE	0.725181775267216	8
PRC-007658537-750-45	TOVORAFENIB	BRAF;RAF1	type II inhibitor of BRAF and RAF1	-0.142022793669433	-0.0493714341701257	-0.0926513594993073	0.0500314001838152	12	815	PTPN11	FALSE	TRUE	0.835773753005913	9
PRC-004647955-452-87	INAVOLISIB	PIK3CA	inhibitor of PIK3CA	-0.52078260899166	-0.316218698777334	-0.204563910214326	0.0553292148888641	11	886	PTPN11	FALSE	TRUE	0.835773753005913	10
PRC-003691762-853-15	TAGARAFDEG	BRAF;CRBN	CRBN-based degrader of BRAF V600 mutant proteins	-0.192033675859196	-0.100298500815263	-0.091735175043933	0.0600883090396408	11	859	PTPN11	FALSE	TRUE	0.835773753005913	11
PRC-000166295-195-93	NF764	CTNNB1	degrader of CTNNB1	-1.06330274291963	-0.967023339938937	-0.0962794029806979	0.0719617168184418	12	863	PTPN11	FALSE	TRUE	0.861296777639955	12
PRC-002637327-142-92	ATX968	DHX9	inhibitor of DHX9	-0.715078988589217	-0.561917587427375	-0.153161401161842	0.0731820791458785	12	855	PTPN11	FALSE	TRUE	0.861296777639955	13
PRC-006266318-581-02	REZATAPOPT	TP53	binder to TP53 p.Y220C	-0.153799524847746	-0.110746444574685	-0.043053080273061	0.0797906943236828	12	880	PTPN11	FALSE	TRUE	0.871998302251677	14
PRC-001115103-941-37	BI-2865	KRAS	inhibitor of KRAS	-0.303137404194541	-0.22000807903604	-0.0831293251585005	0.10527316953112	12	885	PTPN11	FALSE	TRUE	0.917860926002215	15
PRC-003913440-520-42	TAMOXIFEN	ESR1	selective estrogen receptor modulator	-0.0253122563062421	-0.0652408598322242	0.0399286035259822	0.105314473941474	12	857	PTPN11	FALSE	TRUE	0.917860926002215	16
PRC-003986309-500-30	DOXORUBICIN	TOP2A;TOP2B	inhibitor of TOP2A and TOP2B; DNA intercalator	-1.09203059041624	-1.20840984790014	0.1163792574839	0.108288391780874	12	893	PTPN11	FALSE	TRUE	0.917860926002215	17
PRC-008073079-110-13	MEVROMETOSTAT	EZH2	inhibitor of EZH2	-0.0420235214063946	-0.0628978670103049	0.0208743456039103	0.112479842818992	12	862	PTPN11	FALSE	TRUE	0.917860926002215	18
PRC-005512150-060-65	BAZEDOXIFENE	ESR1	selective estrogen receptor modulator	-0.161550540595189	-0.0899746665588121	-0.0715758740363764	0.113982729372824	12	860	PTPN11	FALSE	TRUE	0.917860926002215	19
PRC-002580965-491-68	ELOCALCITOL	VDR	agonist of VDR	-0.242408384104434	-0.192724607796579	-0.049683776307855	0.14273696062074	12	859	PTPN11	FALSE	TRUE	0.950926335754684	20
PRC-004761450-456-85	RALTITREXED	TYMS	antimetabolite and inhibitor of TYMS	-1.62410390289059	-1.72746793982824	0.10336403693765	0.146814850555584	12	863	PTPN11	FALSE	TRUE	0.950926335754684	21
PRC-001013974-621-80	GSK4027	KAT2A;KAT2B	inhibitor of GCN5 (KAT2A) and PCAF (KAT2B)	-0.0191858176402169	-0.0459034418247297	0.0267176241845128	0.148681133372489	12	815	PTPN11	FALSE	TRUE	0.950926335754684	22
PRC-002612516-174-08	TALABOSTAT	DPP4;FAP	inhibitor of dipeptidyl peptidases including DPP4 and FAP	-0.0913285627382595	-0.0521644432291632	-0.0391641195090963	0.151216741906583	12	805	PTPN11	FALSE	TRUE	0.950926335754684	23
PRC-001096805-026-81	DT2216	BCL2L1;VHL	VHL-based degrader of BCL-xL (BCL2L1)	-0.300535236582276	-0.231442431874278	-0.0690928047079976	0.158279871296309	12	853	PTPN11	FALSE	TRUE	0.950926335754684	24
PRC-004608016-145-34	TALAZOPARIB	PARP1;PARP2	inhibitor of PARP1 and PARP2	-1.19256124480939	-0.945374157368004	-0.247187087441386	0.188626359703134	12	893	PTPN11	FALSE	TRUE	0.950926335754684	25
