ACH	variants	am_classes_raw	am_class_top	am_max_pathogenicity	Chronos	MYC_CN	lineage	disease	CellLine
ACH-000402	p.T73I	likely pathogenic	likely pathogenic	0.9954	-1.95713227338282	1.11848817200491	Lymphoid	Mature B-Cell Neoplasms	BL70
ACH-000421	p.V92I	likely benign	likely benign	0.0762	-2.61975591938499	1.1503859811451	Bowel	Colorectal Adenocarcinoma	SW837
ACH-000473	p.L97F	likely benign	likely benign	0.0677	-2.885903874294	1.58821034734903	Bladder/Urinary Tract	Bladder Urothelial Carcinoma	RT112
ACH-000567	p.Q51L	likely benign	likely benign	0.1006	-2.44784110488494		Lymphoid	Mature B-Cell Neoplasms	ST486
ACH-000654	p.A59V, p.TP73IP	likely pathogenic, no AM score	likely pathogenic	0.7963	-0.886096819836305	1.02305620037818	Lymphoid	Non-Hodgkin Lymphoma	RAJI
ACH-000660	p.P75A	likely pathogenic	likely pathogenic	0.9752	-1.49991563787551		Lymphoid	Mature B-Cell Neoplasms	SUDHL5
ACH-000694	p.V254L	likely benign	likely benign	0.0762	-3.35111891309858	3.83782785184137	Esophagus/Stomach	Esophageal Squamous Cell Carcinoma	TE9
ACH-000697	p.E43D	likely benign	likely benign	0.0761	-0.549498092387497	0.960778984593127	Lymphoid	Mature B-Cell Neoplasms	A3KAW
ACH-000706	p.S189T	likely benign	likely benign	0.0858	-2.35019391395921	1.13494391005789	Lung	Non-Small Cell Lung Cancer	EKVX
ACH-000841	p.E69K	likely pathogenic	likely pathogenic	0.9695	-3.7062968446939	4.38692487264623	Lung	Non-Small Cell Lung Cancer	NCIH2087
ACH-000889	p.T93R	likely benign	likely benign	0.1392	-3.02501115179047	1.5953378713746	Lymphoid	Mature B-Cell Neoplasms	KMM1
ACH-000944	p.V20A	likely benign	likely benign	0.1112	-1.48350987154545	1.09915054626164	Lymphoid	Mature B-Cell Neoplasms	NAMALWA
ACH-000965	p.S201P	likely benign	likely benign	0.2558	-1.14628909358586	1.47258815283618	Uterus	Endometrial Carcinoma	RL952
ACH-000977	p.N45S	likely benign	likely benign	0.1146	-3.19015788353718	1.05557983801192	Prostate	Prostate Adenocarcinoma	LNCAPCLONEFGC
ACH-001183	p.L97F	likely benign	likely benign	0.0677	-2.27444791347878	1.58936006481236	Bladder/Urinary Tract	Bladder Urothelial Carcinoma	RT11284
ACH-001656	p.P74Q	likely pathogenic	likely pathogenic	0.9987	-1.90342638741868	1.60695106876565	Myeloid	Acute Myeloid Leukemia	SKNO1
ACH-001669	p.R25T	likely benign	likely benign	0.1811	-2.37450519071181	1.39862189943132	Lymphoid	B-Cell Acute Lymphoblastic Leukemia	TANOUE
ACH-001685	p.S264N	likely pathogenic	likely pathogenic	0.5656	-2.38363165844841	1.05644004947872	Lymphoid	Hodgkin Lymphoma	UHO1
ACH-002709	p.P60T	likely pathogenic	likely pathogenic	0.9718	-1.98191041008349	1.57859600142105	Myeloid	Acute Myeloid Leukemia	CMS
